id,kanji,yomi,flag_1年生,flag_2年生,flag_3年生,flag_4年生,flag_5年生,flag_6年生,flag_BLEACH,flag_四字熟語,flag_難読,flag_地名,flag_ファントムシータ,note
1,一,いち|ひとつ,1,,,,,,,,,,,教育漢字
2,右,みぎ,1,,,,,,,,,,,教育漢字
3,雨,あめ,1,,,,,,,,,,,教育漢字
4,円,えん,1,,,,,,,,,,,教育漢字
5,王,おう,1,,,,,,,,,,,教育漢字
6,音,おと|おん,1,,,,,,,,,,,教育漢字
7,下,した|しも|か,1,,,,,,,,,,,教育漢字
8,火,ひ|か,1,,,,,,,,,,,教育漢字
9,花,はな,1,,,,,,,,,,,教育漢字
10,貝,かい,1,,,,,,,,,,,教育漢字
11,学,がく,1,,,,,,,,,,,教育漢字
12,気,き,1,,,,,,,,,,,教育漢字
13,九,きゅう|く,1,,,,,,,,,,,教育漢字
14,休,やすみ|きゅう,1,,,,,,,,,,,教育漢字
15,玉,たま,1,,,,,,,,,,,教育漢字
16,金,きん|かね,1,,,,,,,,,,,教育漢字
17,空,そら|くう,1,,,,,,,,,,,教育漢字
18,月,つき|げつ|がつ,1,,,,,,,,,,,教育漢字
19,犬,いぬ,1,,,,,,,,,,,教育漢字
20,見,みる|けん,1,,,,,,,,,,,教育漢字
21,五,ご|いつつ,1,,,,,,,,,,,教育漢字
22,口,くち,1,,,,,,,,,,,教育漢字
23,校,こう,1,,,,,,,,,,,教育漢字
24,左,ひだり,1,,,,,,,,,,,教育漢字
25,三,さん|みっつ,1,,,,,,,,,,,教育漢字
26,山,やま|さん,1,,,,,,,,,,,教育漢字
27,子,こ|し,1,,,,,,,,,,,教育漢字
28,四,よん|し|よっつ,1,,,,,,,,,,,教育漢字
29,糸,いと,1,,,,,,,,,,,教育漢字
30,字,じ,1,,,,,,,,,,,教育漢字
31,耳,みみ,1,,,,,,,,,,,教育漢字
32,七,なな|しち,1,,,,,,,,,,,教育漢字
33,車,くるま|しゃ,1,,,,,,,,,,,教育漢字
34,手,て,1,,,,,,,,,,,教育漢字
35,十,じゅう|とお,1,,,,,,,,,,,教育漢字
36,出,でる|しゅつ,1,,,,,,,,,,,教育漢字
37,女,おんな|じょ,1,,,,,,,,,,,教育漢字
38,小,ちいさい|しょう,1,,,,,,,,,,,教育漢字
39,上,うえ|じょう,1,,,,,,,,,,,教育漢字
40,森,もり,1,,,,,,,,,,,教育漢字
41,人,ひと|じん|にん,1,,,,,,,,,,,教育漢字
42,水,みず|すい,1,,,,,,,,,,,教育漢字
43,正,ただしい|せい,1,,,,,,,,,,,教育漢字
44,生,いきる|うまれる|せい,1,,,,,,,,,,,教育漢字
45,青,あお,1,,,,,,,,,,,教育漢字
46,夕,ゆう,1,,,,,,,,,,,教育漢字
47,石,いし|せき,1,,,,,,,,,,,教育漢字
48,赤,あか,1,,,,,,,,,,,教育漢字
49,千,せん,1,,,,,,,,,,,教育漢字
50,川,かわ,1,,,,,,,,,,,教育漢字
51,先,さき|せん,1,,,,,,,,,,,教育漢字
52,早,はやい|そう,1,,,,,,,,,,,教育漢字
53,草,くさ,1,,,,,,,,,,,教育漢字
54,足,あし|そく,1,,,,,,,,,,,教育漢字
55,村,むら,1,,,,,,,,,,,教育漢字
56,大,おおきい|だい,1,,,,,,,,,,,教育漢字
57,男,おとこ|だん,1,,,,,,,,,,,教育漢字
58,竹,たけ,1,,,,,,,,,,,教育漢字
59,中,なか|ちゅう,1,,,,,,,,,,,教育漢字
60,虫,むし,1,,,,,,,,,,,教育漢字
61,町,まち|ちょう,1,,,,,,,,,,,教育漢字
62,天,てん,1,,,,,,,,,,,教育漢字
63,田,た,1,,,,,,,,,,,教育漢字
64,土,つち|ど,1,,,,,,,,,,,教育漢字
65,二,に|ふたつ,1,,,,,,,,,,,教育漢字
66,日,ひ|にち|じつ,1,,,,,,,,,,,教育漢字
67,入,はいる|にゅう,1,,,,,,,,,,,教育漢字
68,年,とし|ねん,1,,,,,,,,,,,教育漢字
69,白,しろ,1,,,,,,,,,,,教育漢字
70,八,はち|やっつ,1,,,,,,,,,,,教育漢字
71,百,ひゃく,1,,,,,,,,,,,教育漢字
72,文,ぶん|もん,1,,,,,,,,,,,教育漢字
73,木,き|もく,1,,,,,,,,,,,教育漢字
74,本,ほん,1,,,,,,,,,,,教育漢字
75,名,な|めい,1,,,,,,,,,,,教育漢字
76,目,め,1,,,,,,,,,,,教育漢字
77,立,たつ,1,,,,,,,,,,,教育漢字
78,力,ちから|りょく,1,,,,,,,,,,,教育漢字
79,林,はやし,1,,,,,,,,,,,教育漢字
80,六,ろく|むっつ,1,,,,,,,,,,,教育漢字
81,一年,いちねん,1,,,,,,,,,,,基本語
82,一年生,いちねんせい,1,,,,,,,,,,,基本語
83,一日,いちにち|ついたち,1,,,,,,,,,,,基本語
84,一月,いちがつ,1,,,,,,,,,,,基本語
85,二月,にがつ,1,,,,,,,,,,,基本語
86,三月,さんがつ,1,,,,,,,,,,,基本語
87,四月,しがつ,1,,,,,,,,,,,基本語
88,五月,ごがつ,1,,,,,,,,,,,基本語
89,六月,ろくがつ,1,,,,,,,,,,,基本語
90,七月,しちがつ,1,,,,,,,,,,,基本語
91,八月,はちがつ,1,,,,,,,,,,,基本語
92,九月,くがつ,1,,,,,,,,,,,基本語
93,十月,じゅうがつ,1,,,,,,,,,,,基本語
94,十一月,じゅういちがつ,1,,,,,,,,,,,基本語
95,十二月,じゅうにがつ,1,,,,,,,,,,,基本語
96,一番,いちばん,1,,,,,,,,,,,基本語
97,二番,にばん,1,,,,,,,,,,,基本語
98,三番,さんばん,1,,,,,,,,,,,基本語
99,四番,よんばん,1,,,,,,,,,,,基本語
100,五番,ごばん,1,,,,,,,,,,,基本語
101,六番,ろくばん,1,,,,,,,,,,,基本語
102,七番,ななばん,1,,,,,,,,,,,基本語
103,八番,はちばん,1,,,,,,,,,,,基本語
104,九番,きゅうばん,1,,,,,,,,,,,基本語
105,十番,じゅうばん,1,,,,,,,,,,,基本語
106,山川,やまかわ,1,,,,,,,,,,,基本語
107,川水,かわみず,1,,,,,,,,,,,基本語
108,火山,かざん,1,,,,,,,,,,,基本語
109,水田,すいでん,1,,,,,,,,,,,基本語
110,木立,こだち,1,,,,,,,,,,,基本語
111,林道,りんどう,1,,,,,,,,,,,基本語
112,森山,もりやま,1,,,,,,,,,,,基本語
113,青空,あおぞら,1,,,,,,,,,,,基本語
114,夕日,ゆうひ,1,,,,,,,,,,,基本語
115,白山,しろやま|はくさん,1,,,,,,,,,,,基本語
116,赤土,あかつち,1,,,,,,,,,,,基本語
117,花火,はなび,1,,,,,,,,,,,基本語
118,花見,はなみ,1,,,,,,,,,,,基本語
119,貝がら,かいがら,1,,,,,,,,,,,基本語
120,犬小屋,いぬごや,1,,,,,,,,,,,基本語
121,学校,がっこう,1,,,,,,,,,,,基本語
122,小学校,しょうがっこう,1,,,,,,,,,,,基本語
123,学生,がくせい,1,,,,,,,,,,,基本語
124,先生,せんせい,1,,,,,,,,,,,基本語
125,男子,だんし,1,,,,,,,,,,,基本語
126,女子,じょし,1,,,,,,,,,,,基本語
127,子犬,こいぬ,1,,,,,,,,,,,基本語
128,車道,しゃどう,1,,,,,,,,,,,基本語
129,入口,いりぐち,1,,,,,,,,,,,基本語
130,出口,でぐち,1,,,,,,,,,,,基本語
131,手足,てあし,1,,,,,,,,,,,基本語
132,耳元,みみもと,1,,,,,,,,,,,基本語
133,目玉,めだま,1,,,,,,,,,,,基本語
134,玉入れ,たまいれ,1,,,,,,,,,,,基本語
135,名人,めいじん,1,,,,,,,,,,,基本語
136,本名,ほんみょう,1,,,,,,,,,,,基本語
137,本文,ほんぶん,1,,,,,,,,,,,基本語
138,正月,しょうがつ,1,,,,,,,,,,,基本語
139,正しい,ただしい,1,,,,,,,,,,,基本語
140,早口,はやくち,1,,,,,,,,,,,基本語
141,休日,きゅうじつ,1,,,,,,,,,,,基本語
142,大人,おとな|だいにん,1,,,,,,,,1,,,基本語
143,大木,たいぼく,1,,,,,,,,,,,基本語
144,中学校,ちゅうがっこう,1,,,,,,,,,,,基本語
145,町中,まちなか,1,,,,,,,,,,,基本語
146,天気,てんき,1,,,,,,,,,,,基本語
147,土日,どにち,1,,,,,,,,,,,基本語
148,年上,としうえ,1,,,,,,,,,,,基本語
149,年下,としした,1,,,,,,,,,,,基本語
150,力持ち,ちからもち,1,,,,,,,,,,,基本語
151,百円,ひゃくえん,1,,,,,,,,,,,基本語
152,千円,せんえん,1,,,,,,,,,,,基本語
153,金色,きんいろ,1,,,,,,,,,,,基本語
154,空気,くうき,1,,,,,,,,,,,基本語
155,雨天,うてん,1,,,,,,,,,,,基本語
156,音読,おんどく,1,,,,,,,,,,,基本語
157,王子,おうじ,1,,,,,,,,,,,基本語
158,右手,みぎて,1,,,,,,,,,,,基本語
159,左手,ひだりて,1,,,,,,,,,,,基本語
160,上手,じょうず|うわて,1,,,,,,,,1,,,基本語
161,下手,へた|したて,1,,,,,,,,1,,,基本語
162,見本,みほん,1,,,,,,,,,,,基本語
163,生き物,いきもの,1,,,,,,,,,,,基本語
164,草木,くさき,1,,,,,,,,,,,基本語
165,竹林,たけばやし,1,,,,,,,,,,,基本語
166,村人,むらびと,1,,,,,,,,,,,基本語
167,石山,いしやま,1,,,,,,,,,,,基本語
168,田んぼ,たんぼ,1,,,,,,,,,,,基本語
169,赤字,あかじ,1,,,,,,,,,,,基本語
170,青虫,あおむし,1,,,,,,,,,,,基本語
171,名月,めいげつ,1,,,,,,,,,,,基本語
172,月日,つきひ,1,,,,,,,,,,,基本語
173,日曜日,にちようび,1,,,,,,,,,,,基本語
174,月曜日,げつようび,1,,,,,,,,,,,基本語
175,火曜日,かようび,1,,,,,,,,,,,基本語
176,水曜日,すいようび,1,,,,,,,,,,,基本語
177,木曜日,もくようび,1,,,,,,,,,,,基本語
178,金曜日,きんようび,1,,,,,,,,,,,基本語
179,土曜日,どようび,1,,,,,,,,,,,基本語
180,引力,いんりょく,,1,,,,,,,,,,基本語
181,羽毛,うもう,,1,,,,,,,,,,基本語
182,雲海,うんかい,,1,,,,,,,,,,基本語
183,園長,えんちょう,,1,,,,,,,,,,基本語
184,遠足,えんそく,,1,,,,,,,,,,基本語
185,何時,なんじ,,1,,,,,,,,,,基本語
186,科学,かがく,,1,,,,,,,,,,基本語
187,夏休み,なつやすみ,,1,,,,,,,,,,基本語
188,家族,かぞく,,1,,,,,,,,,,基本語
189,歌声,うたごえ,,1,,,,,,,,,,基本語
190,画用紙,がようし,,1,,,,,,,,,,基本語
191,回転,かいてん,,1,,,,,,,,,,基本語
192,会話,かいわ,,1,,,,,,,,,,基本語
193,海岸,かいがん,,1,,,,,,,,,,基本語
194,絵画,かいが,,1,,,,,,,,,,基本語
195,外出,がいしゅつ,,1,,,,,,,,,,基本語
196,角度,かくど,,1,,,,,,,,,,基本語
197,楽器,がっき,,1,,,,,,,,,,基本語
198,活気,かっき,,1,,,,,,,,,,基本語
199,間食,かんしょく,,1,,,,,,,,,,基本語
200,丸太,まるた,,1,,,,,,,,,,基本語
201,岩石,がんせき,,1,,,,,,,,,,基本語
202,顔色,かおいろ,,1,,,,,,,,,,基本語
203,汽車,きしゃ,,1,,,,,,,,,,基本語
204,記号,きごう,,1,,,,,,,,,,基本語
205,帰国,きこく,,1,,,,,,,,,,基本語
206,牛肉,ぎゅうにく,,1,,,,,,,,,,基本語
207,魚屋,さかなや,,1,,,,,,,,,,基本語
208,教室,きょうしつ,,1,,,,,,,,,,基本語
209,強風,きょうふう,,1,,,,,,,,,,基本語
210,近道,ちかみち,,1,,,,,,,,,,基本語
211,兄弟,きょうだい,,1,,,,,,,,,,基本語
212,形見,かたみ,,1,,,,,,,,,,基本語
213,計画,けいかく,,1,,,,,,,,,,基本語
214,元気,げんき,,1,,,,,,,,,,基本語
215,原因,げんいん,,1,,,,,,,,,,基本語
216,言語,げんご,,1,,,,,,,,,,基本語
217,古本,ふるほん,,1,,,,,,,,,,基本語
218,戸外,こがい,,1,,,,,,,,,,基本語
219,午前,ごぜん,,1,,,,,,,,,,基本語
220,午後,ごご,,1,,,,,,,,,,基本語
221,後半,こうはん,,1,,,,,,,,,,基本語
222,語学,ごがく,,1,,,,,,,,,,基本語
223,光線,こうせん,,1,,,,,,,,,,基本語
224,公園,こうえん,,1,,,,,,,,,,基本語
225,工場,こうじょう,,1,,,,,,,,,,基本語
226,広場,ひろば,,1,,,,,,,,,,基本語
227,交番,こうばん,,1,,,,,,,,,,基本語
228,考案,こうあん,,1,,,,,,,,,,基本語
229,行列,ぎょうれつ,,1,,,,,,,,,,基本語
230,高学年,こうがくねん,,1,,,,,,,,,,基本語
231,合計,ごうけい,,1,,,,,,,,,,基本語
232,谷川,たにがわ,,1,,,,,,,,,,基本語
233,国語,こくご,,1,,,,,,,,,,基本語
234,黒板,こくばん,,1,,,,,,,,,,基本語
235,今朝,けさ,,1,,,,,,,1,,,基本語
236,才能,さいのう,,1,,,,,,,,,,基本語
237,細工,さいく,,1,,,,,,,,,,基本語
238,作文,さくぶん,,1,,,,,,,,,,基本語
239,算数,さんすう,,1,,,,,,,,,,基本語
240,姉妹,しまい,,1,,,,,,,,,,基本語
241,市場,いちば,,1,,,,,,,,,,基本語
242,矢印,やじるし,,1,,,,,,,,,,基本語
243,思考,しこう,,1,,,,,,,,,,基本語
244,紙面,しめん,,1,,,,,,,,,,基本語
245,寺院,じいん,,1,,,,,,,,,,基本語
246,自分,じぶん,,1,,,,,,,,,,基本語
247,時間,じかん,,1,,,,,,,,,,基本語
248,室内,しつない,,1,,,,,,,,,,基本語
249,社会,しゃかい,,1,,,,,,,,,,基本語
250,弱点,じゃくてん,,1,,,,,,,,,,基本語
251,首都,しゅと,,1,,,,,,,,,,基本語
252,秋分,しゅうぶん,,1,,,,,,,,,,基本語
253,週末,しゅうまつ,,1,,,,,,,,,,基本語
254,春分,しゅんぶん,,1,,,,,,,,,,基本語
255,書店,しょてん,,1,,,,,,,,,,基本語
256,少年,しょうねん,,1,,,,,,,,,,基本語
257,場所,ばしょ,,1,,,,,,,,,,基本語
258,色紙,いろがみ,,1,,,,,,,,,,基本語
259,食事,しょくじ,,1,,,,,,,,,,基本語
260,心配,しんぱい,,1,,,,,,,,,,基本語
261,新聞,しんぶん,,1,,,,,,,,,,基本語
262,親子,おやこ,,1,,,,,,,,,,基本語
263,図工,ずこう,,1,,,,,,,,,,基本語
264,数学,すうがく,,1,,,,,,,,,,基本語
265,西日,にしび,,1,,,,,,,,,,基本語
266,声援,せいえん,,1,,,,,,,,,,基本語
267,星空,ほしぞら,,1,,,,,,,,,,基本語
268,晴天,せいてん,,1,,,,,,,,,,基本語
269,切手,きって,,1,,,,,,,,,,基本語
270,雪道,ゆきみち,,1,,,,,,,,,,基本語
271,船長,せんちょう,,1,,,,,,,,,,基本語
272,線路,せんろ,,1,,,,,,,,,,基本語
273,前後,ぜんご,,1,,,,,,,,,,基本語
274,組合,くみあい,,1,,,,,,,,,,基本語
275,走者,そうしゃ,,1,,,,,,,,,,基本語
276,多数,たすう,,1,,,,,,,,,,基本語
277,太陽,たいよう,,1,,,,,,,,,,基本語
278,台風,たいふう,,1,,,,,,,,,,基本語
279,地図,ちず,,1,,,,,,,,,,基本語
280,池水,いけみず,,1,,,,,,,,,,基本語
281,知人,ちじん,,1,,,,,,,,,,基本語
282,茶色,ちゃいろ,,1,,,,,,,,,,基本語
283,昼食,ちゅうしょく,,1,,,,,,,,,,基本語
284,長方形,ちょうほうけい,,1,,,,,,,,,,基本語
285,鳥類,ちょうるい,,1,,,,,,,,,,基本語
286,朝食,ちょうしょく,,1,,,,,,,,,,基本語
287,直線,ちょくせん,,1,,,,,,,,,,基本語
288,通学,つうがく,,1,,,,,,,,,,基本語
289,弟子,でし,,1,,,,,,,,,,基本語
290,店員,てんいん,,1,,,,,,,,,,基本語
291,点数,てんすう,,1,,,,,,,,,,基本語
292,電気,でんき,,1,,,,,,,,,,基本語
293,刀身,とうしん,,1,,,,,,,,,,基本語
294,冬休み,ふゆやすみ,,1,,,,,,,,,,基本語
295,当番,とうばん,,1,,,,,,,,,,基本語
296,東西,とうざい,,1,,,,,,,,,,基本語
297,答案,とうあん,,1,,,,,,,,,,基本語
298,頭上,ずじょう,,1,,,,,,,,,,基本語
299,同時,どうじ,,1,,,,,,,,,,基本語
300,道路,どうろ,,1,,,,,,,,,,基本語
301,読書,どくしょ,,1,,,,,,,,,,基本語
302,内部,ないぶ,,1,,,,,,,,,,基本語
303,南北,なんぼく,,1,,,,,,,,,,基本語
304,肉体,にくたい,,1,,,,,,,,,,基本語
305,馬車,ばしゃ,,1,,,,,,,,,,基本語
306,売店,ばいてん,,1,,,,,,,,,,基本語
307,買物,かいもの,,1,,,,,,,,,,基本語
308,麦茶,むぎちゃ,,1,,,,,,,,,,基本語
309,半分,はんぶん,,1,,,,,,,,,,基本語
310,番号,ばんごう,,1,,,,,,,,,,基本語
311,父母,ふぼ,,1,,,,,,,,,,基本語
312,風船,ふうせん,,1,,,,,,,,,,基本語
313,分野,ぶんや,,1,,,,,,,,,,基本語
314,聞き手,ききて,,1,,,,,,,,,,基本語
315,歩道,ほどう,,1,,,,,,,,,,基本語
316,母国,ぼこく,,1,,,,,,,,,,基本語
317,方角,ほうがく,,1,,,,,,,,,,基本語
318,北風,きたかぜ,,1,,,,,,,,,,基本語
319,毎日,まいにち,,1,,,,,,,,,,基本語
320,妹,いもうと,,1,,,,,,,,,,基本語
321,万一,まんいち,,1,,,,,,,,,,基本語
322,明暗,めいあん,,1,,,,,,,,,,基本語
323,毛糸,けいと,,1,,,,,,,,,,基本語
324,門番,もんばん,,1,,,,,,,,,,基本語
325,夜空,よぞら,,1,,,,,,,,,,基本語
326,野原,のはら,,1,,,,,,,,,,基本語
327,友人,ゆうじん,,1,,,,,,,,,,基本語
328,用紙,ようし,,1,,,,,,,,,,基本語
329,曜日,ようび,,1,,,,,,,,,,基本語
330,来年,らいねん,,1,,,,,,,,,,基本語
331,里山,さとやま,,1,,,,,,,,,,基本語
332,理科,りか,,1,,,,,,,,,,基本語
333,話題,わだい,,1,,,,,,,,,,基本語
334,悪事,あくじ,,,1,,,,,,,,,基本語
335,安定,あんてい,,,1,,,,,,,,,基本語
336,暗号,あんごう,,,1,,,,,,,,,基本語
337,医者,いしゃ,,,1,,,,,,,,,基本語
338,委員,いいん,,,1,,,,,,,,,基本語
339,意見,いけん,,,1,,,,,,,,,基本語
340,育成,いくせい,,,1,,,,,,,,,基本語
341,一式,いっしき,,,1,,,,,,,,,基本語
342,飲食,いんしょく,,,1,,,,,,,,,基本語
343,運転,うんてん,,,1,,,,,,,,,基本語
344,泳法,えいほう,,,1,,,,,,,,,基本語
345,駅前,えきまえ,,,1,,,,,,,,,基本語
346,央線,おうせん,,,1,,,,,,,,,基本語
347,横断,おうだん,,,1,,,,,,,,,基本語
348,屋上,おくじょう,,,1,,,,,,,,,基本語
349,温度,おんど,,,1,,,,,,,,,基本語
350,化学,かがく,,,1,,,,,,,,,基本語
351,荷物,にもつ,,,1,,,,,,,,,基本語
352,界面,かいめん,,,1,,,,,,,,,基本語
353,開店,かいてん,,,1,,,,,,,,,基本語
354,階段,かいだん,,,1,,,,,,,,,基本語
355,寒気,かんき,,,1,,,,,,,,,基本語
356,感想,かんそう,,,1,,,,,,,,,基本語
357,漢字,かんじ,,,1,,,,,,,,,基本語
358,館内,かんない,,,1,,,,,,,,,基本語
359,岸辺,きしべ,,,1,,,,,,,,,基本語
360,起立,きりつ,,,1,,,,,,,,,基本語
361,期日,きじつ,,,1,,,,,,,,,基本語
362,客席,きゃくせき,,,1,,,,,,,,,基本語
363,究明,きゅうめい,,,1,,,,,,,,,基本語
364,急行,きゅうこう,,,1,,,,,,,,,基本語
365,級友,きゅうゆう,,,1,,,,,,,,,基本語
366,宮城,みやぎ,,,1,,,,,,,1,,基本語
367,球場,きゅうじょう,,,1,,,,,,,,,基本語
368,去年来,きょねんらい,,,1,,,,,,,,,基本語
369,橋上,きょうじょう,,,1,,,,,,,,,基本語
370,業務,ぎょうむ,,,1,,,,,,,,,基本語
371,局員,きょくいん,,,1,,,,,,,,,基本語
372,曲線,きょくせん,,,1,,,,,,,,,基本語
373,銀行,ぎんこう,,,1,,,,,,,,,基本語
374,区間,くかん,,,1,,,,,,,,,基本語
375,苦心,くしん,,,1,,,,,,,,,基本語
376,具合,ぐあい,,,1,,,,,,,,,基本語
377,君主,くんしゅ,,,1,,,,,,,,,基本語
378,係員,かかりいん,,,1,,,,,,,,,基本語
379,軽食,けいしょく,,,1,,,,,,,,,基本語
380,血液,けつえき,,,1,,,,,,,,,基本語
381,決定,けってい,,,1,,,,,,,,,基本語
382,研究,けんきゅう,,,1,,,,,,,,,基本語
383,県庁,けんちょう,,,1,,,,,,,,,基本語
384,庫内,こない,,,1,,,,,,,,,基本語
385,湖水,こすい,,,1,,,,,,,,,基本語
386,向上,こうじょう,,,1,,,,,,,,,基本語
387,幸運,こううん,,,1,,,,,,,,,基本語
388,港町,みなとまち,,,1,,,,,,,,,基本語
389,号外,ごうがい,,,1,,,,,,,,,基本語
390,根本,こんぽん,,,1,,,,,,,,,基本語
391,祭日,さいじつ,,,1,,,,,,,,,基本語
392,皿洗い,さらあらい,,,1,,,,,,,,,基本語
393,仕組み,しくみ,,,1,,,,,,,,,基本語
394,死角,しかく,,,1,,,,,,,,,基本語
395,使者,ししゃ,,,1,,,,,,,,,基本語
396,始発,しはつ,,,1,,,,,,,,,基本語
397,指先,ゆびさき,,,1,,,,,,,,,基本語
398,歯車,はぐるま,,,1,,,,,,,,,基本語
399,詩人,しじん,,,1,,,,,,,,,基本語
400,次回,じかい,,,1,,,,,,,,,基本語
401,事実,じじつ,,,1,,,,,,,,,基本語
402,持参,じさん,,,1,,,,,,,,,基本語
403,式場,しきじょう,,,1,,,,,,,,,基本語
404,実験,じっけん,,,1,,,,,,,,,基本語
405,写真,しゃしん,,,1,,,,,,,,,基本語
406,者数,しゃすう,,,1,,,,,,,,,基本語
407,主語,しゅご,,,1,,,,,,,,,基本語
408,守備,しゅび,,,1,,,,,,,,,基本語
409,取引,とりひき,,,1,,,,,,,,,基本語
410,酒場,さかば,,,1,,,,,,,,,基本語
411,受験,じゅけん,,,1,,,,,,,,,基本語
412,州都,しゅうと,,,1,,,,,,,,,基本語
413,拾得,しゅうとく,,,1,,,,,,,,,基本語
414,終点,しゅうてん,,,1,,,,,,,,,基本語
415,習字,しゅうじ,,,1,,,,,,,,,基本語
416,集会,しゅうかい,,,1,,,,,,,,,基本語
417,住所,じゅうしょ,,,1,,,,,,,,,基本語
418,重荷,おもに,,,1,,,,,,,,,基本語
419,宿題,しゅくだい,,,1,,,,,,,,,基本語
420,所持,しょじ,,,1,,,,,,,,,基本語
421,助言,じょげん,,,1,,,,,,,,,基本語
422,昭和,しょうわ,,,1,,,,,,,,,基本語
423,消火,しょうか,,,1,,,,,,,,,基本語
424,商店,しょうてん,,,1,,,,,,,,,基本語
425,章句,しょうく,,,1,,,,,,,,,基本語
426,勝負,しょうぶ,,,1,,,,,,,,,基本語
427,乗車,じょうしゃ,,,1,,,,,,,,,基本語
428,植木,うえき,,,1,,,,,,,,,基本語
429,申請,しんせい,,,1,,,,,,,,,基本語
430,身長,しんちょう,,,1,,,,,,,,,基本語
431,神社,じんじゃ,,,1,,,,,,,,,基本語
432,真実,しんじつ,,,1,,,,,,,,,基本語
433,深海,しんかい,,,1,,,,,,,,,基本語
434,進行,しんこう,,,1,,,,,,,,,基本語
435,世間,せけん,,,1,,,,,,,,,基本語
436,整列,せいれつ,,,1,,,,,,,,,基本語
437,昔話,むかしばなし,,,1,,,,,,,,,基本語
438,全員,ぜんいん,,,1,,,,,,,,,基本語
439,相手,あいて,,,1,,,,,,,,,基本語
440,送信,そうしん,,,1,,,,,,,,,基本語
441,想像,そうぞう,,,1,,,,,,,,,基本語
442,息子,むすこ,,,1,,,,,,,,,基本語
443,速達,そくたつ,,,1,,,,,,,,,基本語
444,族長,ぞくちょう,,,1,,,,,,,,,基本語
445,他人,たにん,,,1,,,,,,,,,基本語
446,打者,だしゃ,,,1,,,,,,,,,基本語
447,対話,たいわ,,,1,,,,,,,,,基本語
448,待合,まちあい,,,1,,,,,,,,,基本語
449,代金,だいきん,,,1,,,,,,,,,基本語
450,第六,だいろく,,,1,,,,,,,,,基本語
451,題名,だいめい,,,1,,,,,,,,,基本語
452,炭酸,たんさん,,,1,,,,,,,,,基本語
453,短歌,たんか,,,1,,,,,,,,,基本語
454,談話,だんわ,,,1,,,,,,,,,基本語
455,着席,ちゃくせき,,,1,,,,,,,,,基本語
456,注目,ちゅうもく,,,1,,,,,,,,,基本語
457,柱時計,はしらどけい,,,1,,,,,,,,,基本語
458,帳面,ちょうめん,,,1,,,,,,,,,基本語
459,調子,ちょうし,,,1,,,,,,,,,基本語
460,追跡,ついせき,,,1,,,,,,,,,基本語
461,定期,ていき,,,1,,,,,,,,,基本語
462,庭園,ていえん,,,1,,,,,,,,,基本語
463,笛音,ふえのね,,,1,,,,,,,,,基本語
464,鉄橋,てっきょう,,,1,,,,,,,,,基本語
465,転校,てんこう,,,1,,,,,,,,,基本語
466,都心,としん,,,1,,,,,,,,,基本語
467,度数,どすう,,,1,,,,,,,,,基本語
468,投球,とうきゅう,,,1,,,,,,,,,基本語
469,豆腐,とうふ,,,1,,,,,,,,,基本語
470,島国,しまぐに,,,1,,,,,,,,,基本語
471,湯気,ゆげ,,,1,,,,,,,,,基本語
472,登校,とうこう,,,1,,,,,,,,,基本語
473,等分,とうぶん,,,1,,,,,,,,,基本語
474,動作,どうさ,,,1,,,,,,,,,基本語
475,童話,どうわ,,,1,,,,,,,,,基本語
476,農業,のうぎょう,,,1,,,,,,,,,基本語
477,波長,はちょう,,,1,,,,,,,,,基本語
478,配達,はいたつ,,,1,,,,,,,,,基本語
479,倍数,ばいすう,,,1,,,,,,,,,基本語
480,箱庭,はこにわ,,,1,,,,,,,,,基本語
481,畑作,はたさく,,,1,,,,,,,,,基本語
482,発見,はっけん,,,1,,,,,,,,,基本語
483,反対,はんたい,,,1,,,,,,,,,基本語
484,坂道,さかみち,,,1,,,,,,,,,基本語
485,板前,いたまえ,,,1,,,,,,,,,基本語
486,皮肉,ひにく,,,1,,,,,,,,,基本語
487,悲鳴,ひめい,,,1,,,,,,,,,基本語
488,美化,びか,,,1,,,,,,,,,基本語
489,鼻声,はなごえ,,,1,,,,,,,,,基本語
490,筆記,ひっき,,,1,,,,,,,,,基本語
491,氷山,ひょうざん,,,1,,,,,,,,,基本語
492,表面,ひょうめん,,,1,,,,,,,,,基本語
493,秒数,びょうすう,,,1,,,,,,,,,基本語
494,病院,びょういん,,,1,,,,,,,,,基本語
495,品物,しなもの,,,1,,,,,,,,,基本語
496,負担,ふたん,,,1,,,,,,,,,基本語
497,部品,ぶひん,,,1,,,,,,,,,基本語
498,服用,ふくよう,,,1,,,,,,,,,基本語
499,福音,ふくいん,,,1,,,,,,,,,基本語
500,物語,ものがたり,,,1,,,,,,,,,基本語
501,平地,へいち,,,1,,,,,,,,,基本語
502,返事,へんじ,,,1,,,,,,,,,基本語
503,勉強,べんきょう,,,1,,,,,,,,,基本語
504,放送,ほうそう,,,1,,,,,,,,,基本語
505,味方,みかた,,,1,,,,,,,,,基本語
506,命令,めいれい,,,1,,,,,,,,,基本語
507,面会,めんかい,,,1,,,,,,,,,基本語
508,役目,やくめ,,,1,,,,,,,,,基本語
509,油田,ゆでん,,,1,,,,,,,,,基本語
510,有名,ゆうめい,,,1,,,,,,,,,基本語
511,遊具,ゆうぐ,,,1,,,,,,,,,基本語
512,予習,よしゅう,,,1,,,,,,,,,基本語
513,羊毛,ようもう,,,1,,,,,,,,,基本語
514,洋服,ようふく,,,1,,,,,,,,,基本語
515,葉書,はがき,,,1,,,,,,,,,基本語
516,陽気,ようき,,,1,,,,,,,,,基本語
517,様子,ようす,,,1,,,,,,,,,基本語
518,落葉,らくよう,,,1,,,,,,,,,基本語
519,流行,りゅうこう,,,1,,,,,,,,,基本語
520,旅行,りょこう,,,1,,,,,,,,,基本語
521,両手,りょうて,,,1,,,,,,,,,基本語
522,緑茶,りょくちゃ,,,1,,,,,,,,,基本語
523,礼儀,れいぎ,,,1,,,,,,,,,基本語
524,列車,れっしゃ,,,1,,,,,,,,,基本語
525,練習,れんしゅう,,,1,,,,,,,,,基本語
526,路面,ろめん,,,1,,,,,,,,,基本語
527,和室,わしつ,,,1,,,,,,,,,基本語
528,愛情,あいじょう,,,,1,,,,,,,,基本語
529,案内,あんない,,,,1,,,,,,,,基本語
530,以後,いご,,,,1,,,,,,,,基本語
531,衣服,いふく,,,,1,,,,,,,,基本語
532,位階,いかい,,,,1,,,,,,,,基本語
533,茨城,いばらき,,,,1,,,,,,1,,基本語
534,印刷,いんさつ,,,,1,,,,,,,,基本語
535,英語,えいご,,,,1,,,,,,,,基本語
536,栄養,えいよう,,,,1,,,,,,,,基本語
537,塩分,えんぶん,,,,1,,,,,,,,基本語
538,億円,おくえん,,,,1,,,,,,,,基本語
539,加減,かげん,,,,1,,,,,,,,基本語
540,果実,かじつ,,,,1,,,,,,,,基本語
541,貨物,かもつ,,,,1,,,,,,,,基本語
542,課題,かだい,,,,1,,,,,,,,基本語
543,芽生え,めばえ,,,,1,,,,,,,,基本語
544,改札,かいさつ,,,,1,,,,,,,,基本語
545,械器,かいき,,,,1,,,,,,,,基本語
546,害虫,がいちゅう,,,,1,,,,,,,,基本語
547,街路,がいろ,,,,1,,,,,,,,基本語
548,各自,かくじ,,,,1,,,,,,,,基本語
549,覚悟,かくご,,,,1,,,,,,,,基本語
550,完了,かんりょう,,,,1,,,,,,,,基本語
551,官庁,かんちょう,,,,1,,,,,,,,基本語
552,管内,かんない,,,,1,,,,,,,,基本語
553,関係,かんけい,,,,1,,,,,,,,基本語
554,観察,かんさつ,,,,1,,,,,,,,基本語
555,願書,がんしょ,,,,1,,,,,,,,基本語
556,希少,きしょう,,,,1,,,,,,,,基本語
557,季節,きせつ,,,,1,,,,,,,,基本語
558,紀行,きこう,,,,1,,,,,,,,基本語
559,喜劇,きげき,,,,1,,,,,,,,基本語
560,旗手,きしゅ,,,,1,,,,,,,,基本語
561,器具,きぐ,,,,1,,,,,,,,基本語
562,機械,きかい,,,,1,,,,,,,,基本語
563,議会,ぎかい,,,,1,,,,,,,,基本語
564,求職,きゅうしょく,,,,1,,,,,,,,基本語
565,泣き声,なきごえ,,,,1,,,,,,,,基本語
566,救助,きゅうじょ,,,,1,,,,,,,,基本語
567,給食,きゅうしょく,,,,1,,,,,,,,基本語
568,挙手,きょしゅ,,,,1,,,,,,,,基本語
569,漁港,ぎょこう,,,,1,,,,,,,,基本語
570,共通,きょうつう,,,,1,,,,,,,,基本語
571,協力,きょうりょく,,,,1,,,,,,,,基本語
572,鏡面,きょうめん,,,,1,,,,,,,,基本語
573,競走,きょうそう,,,,1,,,,,,,,基本語
574,極地,きょくち,,,,1,,,,,,,,基本語
575,訓練,くんれん,,,,1,,,,,,,,基本語
576,軍隊,ぐんたい,,,,1,,,,,,,,基本語
577,郡部,ぐんぶ,,,,1,,,,,,,,基本語
578,径路,けいろ,,,,1,,,,,,,,基本語
579,型式,けいしき,,,,1,,,,,,,,基本語
580,景色,けしき,,,,1,,,,,,,,基本語
581,芸術,げいじゅつ,,,,1,,,,,,,,基本語
582,欠席,けっせき,,,,1,,,,,,,,基本語
583,結合,けつごう,,,,1,,,,,,,,基本語
584,建物,たてもの,,,,1,,,,,,,,基本語
585,健康,けんこう,,,,1,,,,,,,,基本語
586,験算,けんざん,,,,1,,,,,,,,基本語
587,固体,こたい,,,,1,,,,,,,,基本語
588,功績,こうせき,,,,1,,,,,,,,基本語
589,好意,こうい,,,,1,,,,,,,,基本語
590,候補,こうほ,,,,1,,,,,,,,基本語
591,航海,こうかい,,,,1,,,,,,,,基本語
592,康復,こうふく,,,,1,,,,,,,,基本語
593,告白,こくはく,,,,1,,,,,,,,基本語
594,差額,さがく,,,,1,,,,,,,,基本語
595,菜園,さいえん,,,,1,,,,,,,,基本語
596,最初,さいしょ,,,,1,,,,,,,,基本語
597,材料,ざいりょう,,,,1,,,,,,,,基本語
598,昨年,さくねん,,,,1,,,,,,,,基本語
599,札束,さつたば,,,,1,,,,,,,,基本語
600,刷毛,はけ,,,,1,,,,,,,,基本語
601,察知,さっち,,,,1,,,,,,,,基本語
602,参照,さんしょう,,,,1,,,,,,,,基本語
603,産地,さんち,,,,1,,,,,,,,基本語
604,散歩,さんぽ,,,,1,,,,,,,,基本語
605,残業,ざんぎょう,,,,1,,,,,,,,基本語
606,司会,しかい,,,,1,,,,,,,,基本語
607,試験,しけん,,,,1,,,,,,,,基本語
608,児童,じどう,,,,1,,,,,,,,基本語
609,治療,ちりょう,,,,1,,,,,,,,基本語
610,辞書,じしょ,,,,1,,,,,,,,基本語
611,失敗,しっぱい,,,,1,,,,,,,,基本語
612,借用,しゃくよう,,,,1,,,,,,,,基本語
613,種目,しゅもく,,,,1,,,,,,,,基本語
614,周囲,しゅうい,,,,1,,,,,,,,基本語
615,祝日,しゅくじつ,,,,1,,,,,,,,基本語
616,順番,じゅんばん,,,,1,,,,,,,,基本語
617,初回,しょかい,,,,1,,,,,,,,基本語
618,松林,まつばやし,,,,1,,,,,,,,基本語
619,笑顔,えがお,,,,1,,,,,,,,基本語
620,唱歌,しょうか,,,,1,,,,,,,,基本語
621,焼肉,やきにく,,,,1,,,,,,,,基本語
622,照明,しょうめい,,,,1,,,,,,,,基本語
623,賞品,しょうひん,,,,1,,,,,,,,基本語
624,臣下,しんか,,,,1,,,,,,,,基本語
625,信号,しんごう,,,,1,,,,,,,,基本語
626,成長,せいちょう,,,,1,,,,,,,,基本語
627,省略,しょうりゃく,,,,1,,,,,,,,基本語
628,清水,しみず,,,,1,,,,,,,,基本語
629,静脈,じょうみゃく,,,,1,,,,,,,,基本語
630,席順,せきじゅん,,,,1,,,,,,,,基本語
631,積雪,せきせつ,,,,1,,,,,,,,基本語
632,折紙,おりがみ,,,,1,,,,,,,,基本語
633,節分,せつぶん,,,,1,,,,,,,,基本語
634,説明,せつめい,,,,1,,,,,,,,基本語
635,浅瀬,あさせ,,,,1,,,,,,,,基本語
636,戦争,せんそう,,,,1,,,,,,,,基本語
637,選手,せんしゅ,,,,1,,,,,,,,基本語
638,倉庫,そうこ,,,,1,,,,,,,,基本語
639,巣箱,すばこ,,,,1,,,,,,,,基本語
640,争点,そうてん,,,,1,,,,,,,,基本語
641,側面,そくめん,,,,1,,,,,,,,基本語
642,束縛,そくばく,,,,1,,,,,,,,基本語
643,続行,ぞっこう,,,,1,,,,,,,,基本語
644,卒業,そつぎょう,,,,1,,,,,,,,基本語
645,孫娘,まごむすめ,,,,1,,,,,,,,基本語
646,帯電,たいでん,,,,1,,,,,,,,基本語
647,隊長,たいちょう,,,,1,,,,,,,,基本語
648,達人,たつじん,,,,1,,,,,,,,基本語
649,単語,たんご,,,,1,,,,,,,,基本語
650,置物,おきもの,,,,1,,,,,,,,基本語
651,仲間,なかま,,,,1,,,,,,,,基本語
652,貯金,ちょきん,,,,1,,,,,,,,基本語
653,兆候,ちょうこう,,,,1,,,,,,,,基本語
654,低温,ていおん,,,,1,,,,,,,,基本語
655,底力,そこぢから,,,,1,,,,,,,,基本語
656,停車,ていしゃ,,,,1,,,,,,,,基本語
657,的中,てきちゅう,,,,1,,,,,,,,基本語
658,典型,てんけい,,,,1,,,,,,,,基本語
659,伝言,でんごん,,,,1,,,,,,,,基本語
660,徒競走,ときょうそう,,,,1,,,,,,,,基本語
661,努力,どりょく,,,,1,,,,,,,,基本語
662,灯台,とうだい,,,,1,,,,,,,,基本語
663,堂々,どうどう,,,,1,,,,,,,,基本語
664,働き手,はたらきて,,,,1,,,,,,,,基本語
665,特急,とっきゅう,,,,1,,,,,,,,基本語
666,得点,とくてん,,,,1,,,,,,,,基本語
667,毒薬,どくやく,,,,1,,,,,,,,基本語
668,熱心,ねっしん,,,,1,,,,,,,,基本語
669,念願,ねんがん,,,,1,,,,,,,,基本語
670,敗戦,はいせん,,,,1,,,,,,,,基本語
671,梅雨,つゆ,,,,1,,,,,1,,,基本語
672,博物館,はくぶつかん,,,,1,,,,,,,,基本語
673,飯店,はんてん,,,,1,,,,,,,,基本語
674,飛行,ひこう,,,,1,,,,,,,,基本語
675,必死,ひっし,,,,1,,,,,,,,基本語
676,票数,ひょうすう,,,,1,,,,,,,,基本語
677,標準,ひょうじゅん,,,,1,,,,,,,,基本語
678,不安,ふあん,,,,1,,,,,,,,基本語
679,夫婦,ふうふ,,,,1,,,,,,,,基本語
680,付近,ふきん,,,,1,,,,,,,,基本語
681,府県,ふけん,,,,1,,,,,,,,基本語
682,副題,ふくだい,,,,1,,,,,,,,基本語
683,粉雪,こなゆき,,,,1,,,,,,,,基本語
684,兵士,へいし,,,,1,,,,,,,,基本語
685,別紙,べっし,,,,1,,,,,,,,基本語
686,辺境,へんきょう,,,,1,,,,,,,,基本語
687,変化,へんか,,,,1,,,,,,,,基本語
688,便所,べんじょ,,,,1,,,,,,,,基本語
689,包帯,ほうたい,,,,1,,,,,,,,基本語
690,法則,ほうそく,,,,1,,,,,,,,基本語
691,望遠鏡,ぼうえんきょう,,,,1,,,,,,,,基本語
692,牧場,ぼくじょう,,,,1,,,,,,,,基本語
693,末日,まつじつ,,,,1,,,,,,,,基本語
694,満点,まんてん,,,,1,,,,,,,,基本語
695,未定,みてい,,,,1,,,,,,,,基本語
696,脈拍,みゃくはく,,,,1,,,,,,,,基本語
697,民家,みんか,,,,1,,,,,,,,基本語
698,無言,むごん,,,,1,,,,,,,,基本語
699,約束,やくそく,,,,1,,,,,,,,基本語
700,勇気,ゆうき,,,,1,,,,,,,,基本語
701,要点,ようてん,,,,1,,,,,,,,基本語
702,養分,ようぶん,,,,1,,,,,,,,基本語
703,浴室,よくしつ,,,,1,,,,,,,,基本語
704,利点,りてん,,,,1,,,,,,,,基本語
705,陸上,りくじょう,,,,1,,,,,,,,基本語
706,良好,りょうこう,,,,1,,,,,,,,基本語
707,料亭,りょうてい,,,,1,,,,,,,,基本語
708,量産,りょうさん,,,,1,,,,,,,,基本語
709,輪郭,りんかく,,,,1,,,,,,,,基本語
710,類語,るいご,,,,1,,,,,,,,基本語
711,令和,れいわ,,,,1,,,,,,,,基本語
712,冷水,れいすい,,,,1,,,,,,,,基本語
713,例題,れいだい,,,,1,,,,,,,,基本語
714,歴史,れきし,,,,1,,,,,,,,基本語
715,連絡,れんらく,,,,1,,,,,,,,基本語
716,老後,ろうご,,,,1,,,,,,,,基本語
717,労働,ろうどう,,,,1,,,,,,,,基本語
718,録音,ろくおん,,,,1,,,,,,,,基本語
719,圧力,あつりょく,,,,,1,,,,,,,基本語
720,移動,いどう,,,,,1,,,,,,,基本語
721,因果,いんが,,,,,1,,,,,,,基本語
722,永遠,えいえん,,,,,1,,,,,,,基本語
723,営利,えいり,,,,,1,,,,,,,基本語
724,衛生,えいせい,,,,,1,,,,,,,基本語
725,易者,えきしゃ,,,,,1,,,,,,,基本語
726,益虫,えきちゅう,,,,,1,,,,,,,基本語
727,液体,えきたい,,,,,1,,,,,,,基本語
728,演技,えんぎ,,,,,1,,,,,,,基本語
729,応答,おうとう,,,,,1,,,,,,,基本語
730,往復,おうふく,,,,,1,,,,,,,基本語
731,桜色,さくらいろ,,,,,1,,,,,,,基本語
732,恩人,おんじん,,,,,1,,,,,,,基本語
733,可否,かひ,,,,,1,,,,,,,基本語
734,仮名,かな,,,,,1,,,,,,,基本語
735,価値,かち,,,,,1,,,,,,,基本語
736,河川,かせん,,,,,1,,,,,,,基本語
737,過去,かこ,,,,,1,,,,,,,基本語
738,賀状,がじょう,,,,,1,,,,,,,基本語
739,快晴,かいせい,,,,,1,,,,,,,基本語
740,解答,かいとう,,,,,1,,,,,,,基本語
741,格別,かくべつ,,,,,1,,,,,,,基本語
742,確実,かくじつ,,,,,1,,,,,,,基本語
743,額面,がくめん,,,,,1,,,,,,,基本語
744,刊行,かんこう,,,,,1,,,,,,,基本語
745,幹部,かんぶ,,,,,1,,,,,,,基本語
746,慣例,かんれい,,,,,1,,,,,,,基本語
747,眼科,がんか,,,,,1,,,,,,,基本語
748,基準,きじゅん,,,,,1,,,,,,,基本語
749,寄付,きふ,,,,,1,,,,,,,基本語
750,規則,きそく,,,,,1,,,,,,,基本語
751,技術,ぎじゅつ,,,,,1,,,,,,,基本語
752,義理,ぎり,,,,,1,,,,,,,基本語
753,逆転,ぎゃくてん,,,,,1,,,,,,,基本語
754,久遠,くおん,,,,,1,,,,,,,基本語
755,旧友,きゅうゆう,,,,,1,,,,,,,基本語
756,居住,きょじゅう,,,,,1,,,,,,,基本語
757,許可,きょか,,,,,1,,,,,,,基本語
758,境界,きょうかい,,,,,1,,,,,,,基本語
759,均等,きんとう,,,,,1,,,,,,,基本語
760,禁煙,きんえん,,,,,1,,,,,,,基本語
761,句読点,くとうてん,,,,,1,,,,,,,基本語
762,群衆,ぐんしゅう,,,,,1,,,,,,,基本語
763,経営,けいえい,,,,,1,,,,,,,基本語
764,潔白,けっぱく,,,,,1,,,,,,,基本語
765,件名,けんめい,,,,,1,,,,,,,基本語
766,券売機,けんばいき,,,,,1,,,,,,,基本語
767,険悪,けんあく,,,,,1,,,,,,,基本語
768,検査,けんさ,,,,,1,,,,,,,基本語
769,限度,げんど,,,,,1,,,,,,,基本語
770,現実,げんじつ,,,,,1,,,,,,,基本語
771,減点,げんてん,,,,,1,,,,,,,基本語
772,故障,こしょう,,,,,1,,,,,,,基本語
773,個人,こじん,,,,,1,,,,,,,基本語
774,護身,ごしん,,,,,1,,,,,,,基本語
775,効率,こうりつ,,,,,1,,,,,,,基本語
776,厚意,こうい,,,,,1,,,,,,,基本語
777,耕作,こうさく,,,,,1,,,,,,,基本語
778,鉱山,こうざん,,,,,1,,,,,,,基本語
779,構造,こうぞう,,,,,1,,,,,,,基本語
780,興味,きょうみ,,,,,1,,,,,,,基本語
781,講演,こうえん,,,,,1,,,,,,,基本語
782,混雑,こんざつ,,,,,1,,,,,,,基本語
783,査定,さてい,,,,,1,,,,,,,基本語
784,再開,さいかい,,,,,1,,,,,,,基本語
785,災害,さいがい,,,,,1,,,,,,,基本語
786,妻子,さいし,,,,,1,,,,,,,基本語
787,採点,さいてん,,,,,1,,,,,,,基本語
788,際限,さいげん,,,,,1,,,,,,,基本語
789,在庫,ざいこ,,,,,1,,,,,,,基本語
790,財産,ざいさん,,,,,1,,,,,,,基本語
791,罪悪,ざいあく,,,,,1,,,,,,,基本語
792,殺菌,さっきん,,,,,1,,,,,,,基本語
793,雑談,ざつだん,,,,,1,,,,,,,基本語
794,酸性,さんせい,,,,,1,,,,,,,基本語
795,賛成,さんせい,,,,,1,,,,,,,基本語
796,支援,しえん,,,,,1,,,,,,,基本語
797,志望,しぼう,,,,,1,,,,,,,基本語
798,枝葉,えだは,,,,,1,,,,,,,基本語
799,師弟,してい,,,,,1,,,,,,,基本語
800,資源,しげん,,,,,1,,,,,,,基本語
801,飼育,しいく,,,,,1,,,,,,,基本語
802,示談,じだん,,,,,1,,,,,,,基本語
803,似顔絵,にがおえ,,,,,1,,,,,,,基本語
804,識別,しきべつ,,,,,1,,,,,,,基本語
805,質疑,しつぎ,,,,,1,,,,,,,基本語
806,舎弟,しゃてい,,,,,1,,,,,,,基本語
807,謝礼,しゃれい,,,,,1,,,,,,,基本語
808,授業,じゅぎょう,,,,,1,,,,,,,基本語
809,修理,しゅうり,,,,,1,,,,,,,基本語
810,述語,じゅつご,,,,,1,,,,,,,基本語
811,術式,じゅつしき,,,,,1,,,,,,,基本語
812,準備,じゅんび,,,,,1,,,,,,,基本語
813,序文,じょぶん,,,,,1,,,,,,,基本語
814,招待,しょうたい,,,,,1,,,,,,,基本語
815,承認,しょうにん,,,,,1,,,,,,,基本語
816,証明,しょうめい,,,,,1,,,,,,,基本語
817,象形,しょうけい,,,,,1,,,,,,,基本語
818,賞状,しょうじょう,,,,,1,,,,,,,基本語
819,条文,じょうぶん,,,,,1,,,,,,,基本語
820,状況,じょうきょう,,,,,1,,,,,,,基本語
821,常温,じょうおん,,,,,1,,,,,,,基本語
822,織物,おりもの,,,,,1,,,,,,,基本語
823,職員,しょくいん,,,,,1,,,,,,,基本語
824,制限,せいげん,,,,,1,,,,,,,基本語
825,性格,せいかく,,,,,1,,,,,,,基本語
826,政令,せいれい,,,,,1,,,,,,,基本語
827,勢力,せいりょく,,,,,1,,,,,,,基本語
828,精度,せいど,,,,,1,,,,,,,基本語
829,製造,せいぞう,,,,,1,,,,,,,基本語
830,税金,ぜいきん,,,,,1,,,,,,,基本語
831,責任,せきにん,,,,,1,,,,,,,基本語
832,績表,せきひょう,,,,,1,,,,,,,基本語
833,接続,せつぞく,,,,,1,,,,,,,基本語
834,設計,せっけい,,,,,1,,,,,,,基本語
835,絶対,ぜったい,,,,,1,,,,,,,基本語
836,祖先,そせん,,,,,1,,,,,,,基本語
837,素直,すなお,,,,,1,,,,,,,基本語
838,総合,そうごう,,,,,1,,,,,,,基本語
839,造船,ぞうせん,,,,,1,,,,,,,基本語
840,像面,ぞうめん,,,,,1,,,,,,,基本語
841,増加,ぞうか,,,,,1,,,,,,,基本語
842,則定,そくてい,,,,,1,,,,,,,基本語
843,測定,そくてい,,,,,1,,,,,,,基本語
844,属人,ぞくじん,,,,,1,,,,,,,基本語
845,率直,そっちょく,,,,,1,,,,,,,基本語
846,損害,そんがい,,,,,1,,,,,,,基本語
847,退場,たいじょう,,,,,1,,,,,,,基本語
848,貸出,かしだし,,,,,1,,,,,,,基本語
849,態度,たいど,,,,,1,,,,,,,基本語
850,団体,だんたい,,,,,1,,,,,,,基本語
851,断線,だんせん,,,,,1,,,,,,,基本語
852,築地,つきじ,,,,,1,,,,,,,基本語
853,貯蔵,ちょぞう,,,,,1,,,,,,,基本語
854,張力,ちょうりょく,,,,,1,,,,,,,基本語
855,提案,ていあん,,,,,1,,,,,,,基本語
856,程遠い,ほどとおい,,,,,1,,,,,,,基本語
857,適切,てきせつ,,,,,1,,,,,,,基本語
858,敵味方,てきみかた,,,,,1,,,,,,,基本語
859,統計,とうけい,,,,,1,,,,,,,基本語
860,銅像,どうぞう,,,,,1,,,,,,,基本語
861,導入,どうにゅう,,,,,1,,,,,,,基本語
862,徳用,とくよう,,,,,1,,,,,,,基本語
863,独自,どくじ,,,,,1,,,,,,,基本語
864,任務,にんむ,,,,,1,,,,,,,基本語
865,燃料,ねんりょう,,,,,1,,,,,,,基本語
866,能率,のうりつ,,,,,1,,,,,,,基本語
867,破損,はそん,,,,,1,,,,,,,基本語
868,犯人,はんにん,,,,,1,,,,,,,基本語
869,判定,はんてい,,,,,1,,,,,,,基本語
870,版画,はんが,,,,,1,,,,,,,基本語
871,比率,ひりつ,,,,,1,,,,,,,基本語
872,肥料,ひりょう,,,,,1,,,,,,,基本語
873,非難,ひなん,,,,,1,,,,,,,基本語
874,備品,びひん,,,,,1,,,,,,,基本語
875,俵物,ひょうもの,,,,,1,,,,,,,基本語
876,評判,ひょうばん,,,,,1,,,,,,,基本語
877,貧血,ひんけつ,,,,,1,,,,,,,基本語
878,布地,ぬのじ,,,,,1,,,,,,,基本語
879,婦人,ふじん,,,,,1,,,,,,,基本語
880,武士,ぶし,,,,,1,,,,,,,基本語
881,復習,ふくしゅう,,,,,1,,,,,,,基本語
882,複数,ふくすう,,,,,1,,,,,,,基本語
883,仏像,ぶつぞう,,,,,1,,,,,,,基本語
884,編成,へんせい,,,,,1,,,,,,,基本語
885,弁当,べんとう,,,,,1,,,,,,,基本語
886,保護,ほご,,,,,1,,,,,,,基本語
887,墓地,ぼち,,,,,1,,,,,,,基本語
888,報告,ほうこく,,,,,1,,,,,,,基本語
889,豊作,ほうさく,,,,,1,,,,,,,基本語
890,防災,ぼうさい,,,,,1,,,,,,,基本語
891,貿易,ぼうえき,,,,,1,,,,,,,基本語
892,暴風,ぼうふう,,,,,1,,,,,,,基本語
893,務所,むしょ,,,,,1,,,,,,,基本語
894,夢中,むちゅう,,,,,1,,,,,,,基本語
895,迷路,めいろ,,,,,1,,,,,,,基本語
896,綿花,めんか,,,,,1,,,,,,,基本語
897,輸送,ゆそう,,,,,1,,,,,,,基本語
898,余分,よぶん,,,,,1,,,,,,,基本語
899,預金,よきん,,,,,1,,,,,,,基本語
900,容器,ようき,,,,,1,,,,,,,基本語
901,略語,りゃくご,,,,,1,,,,,,,基本語
902,留学,りゅうがく,,,,,1,,,,,,,基本語
903,領域,りょういき,,,,,1,,,,,,,基本語
904,異常,いじょう,,,,,,1,,,,,,基本語
905,遺産,いさん,,,,,,1,,,,,,基本語
906,域内,いきない,,,,,,1,,,,,,基本語
907,宇宙,うちゅう,,,,,,1,,,,,,基本語
908,映像,えいぞう,,,,,,1,,,,,,基本語
909,延長,えんちょう,,,,,,1,,,,,,基本語
910,沿線,えんせん,,,,,,1,,,,,,基本語
911,我慢,がまん,,,,,,1,,,,,,基本語
912,灰色,はいいろ,,,,,,1,,,,,,基本語
913,拡大,かくだい,,,,,,1,,,,,,基本語
914,革新,かくしん,,,,,,1,,,,,,基本語
915,閣議,かくぎ,,,,,,1,,,,,,基本語
916,割引,わりびき,,,,,,1,,,,,,基本語
917,株式,かぶしき,,,,,,1,,,,,,基本語
918,干潮,かんちょう,,,,,,1,,,,,,基本語
919,巻物,まきもの,,,,,,1,,,,,,基本語
920,看護,かんご,,,,,,1,,,,,,基本語
921,簡単,かんたん,,,,,,1,,,,,,基本語
922,危険,きけん,,,,,,1,,,,,,基本語
923,机上,きじょう,,,,,,1,,,,,,基本語
924,貴重,きちょう,,,,,,1,,,,,,基本語
925,疑問,ぎもん,,,,,,1,,,,,,基本語
926,吸収,きゅうしゅう,,,,,,1,,,,,,基本語
927,供給,きょうきゅう,,,,,,1,,,,,,基本語
928,胸部,きょうぶ,,,,,,1,,,,,,基本語
929,郷土,きょうど,,,,,,1,,,,,,基本語
930,勤勉,きんべん,,,,,,1,,,,,,基本語
931,筋肉,きんにく,,,,,,1,,,,,,基本語
932,系統,けいとう,,,,,,1,,,,,,基本語
933,敬語,けいご,,,,,,1,,,,,,基本語
934,警備,けいび,,,,,,1,,,,,,基本語
935,劇場,げきじょう,,,,,,1,,,,,,基本語
936,激流,げきりゅう,,,,,,1,,,,,,基本語
937,穴場,あなば,,,,,,1,,,,,,基本語
938,絹糸,きぬいと,,,,,,1,,,,,,基本語
939,権限,けんげん,,,,,,1,,,,,,基本語
940,憲法,けんぽう,,,,,,1,,,,,,基本語
941,厳重,げんじゅう,,,,,,1,,,,,,基本語
942,源流,げんりゅう,,,,,,1,,,,,,基本語
943,呼吸,こきゅう,,,,,,1,,,,,,基本語
944,誤差,ごさ,,,,,,1,,,,,,基本語
945,己心,こしん,,,,,,1,,,,,,基本語
946,后妃,こうひ,,,,,,1,,,,,,基本語
947,孝行,こうこう,,,,,,1,,,,,,基本語
948,皇室,こうしつ,,,,,,1,,,,,,基本語
949,紅茶,こうちゃ,,,,,,1,,,,,,基本語
950,降雨,こうう,,,,,,1,,,,,,基本語
951,鋼鉄,こうてつ,,,,,,1,,,,,,基本語
952,刻印,こくいん,,,,,,1,,,,,,基本語
953,穀物,こくもつ,,,,,,1,,,,,,基本語
954,骨折,こっせつ,,,,,,1,,,,,,基本語
955,困難,こんなん,,,,,,1,,,,,,基本語
956,砂糖,さとう,,,,,,1,,,,,,基本語
957,座席,ざせき,,,,,,1,,,,,,基本語
958,済印,すみいん,,,,,,1,,,,,,基本語
959,裁判,さいばん,,,,,,1,,,,,,基本語
960,策定,さくてい,,,,,,1,,,,,,基本語
961,冊子,さっし,,,,,,1,,,,,,基本語
962,蚕糸,さんし,,,,,,1,,,,,,基本語
963,至急,しきゅう,,,,,,1,,,,,,基本語
964,私物,しぶつ,,,,,,1,,,,,,基本語
965,姿勢,しせい,,,,,,1,,,,,,基本語
966,視線,しせん,,,,,,1,,,,,,基本語
967,詞章,ししょう,,,,,,1,,,,,,基本語
968,誌面,しめん,,,,,,1,,,,,,基本語
969,磁石,じしゃく,,,,,,1,,,,,,基本語
970,射的,しゃてき,,,,,,1,,,,,,基本語
971,捨身,しゃしん,,,,,,1,,,,,,基本語
972,尺八,しゃくはち,,,,,,1,,,,,,基本語
973,若者,わかもの,,,,,,1,,,,,,基本語
974,樹木,じゅもく,,,,,,1,,,,,,基本語
975,収集,しゅうしゅう,,,,,,1,,,,,,基本語
976,宗教,しゅうきょう,,,,,,1,,,,,,基本語
977,就任,しゅうにん,,,,,,1,,,,,,基本語
978,衆人,しゅうじん,,,,,,1,,,,,,基本語
979,従業,じゅうぎょう,,,,,,1,,,,,,基本語
980,縦断,じゅうだん,,,,,,1,,,,,,基本語
981,縮小,しゅくしょう,,,,,,1,,,,,,基本語
982,熟語,じゅくご,,,,,,1,,,,,,基本語
983,純金,じゅんきん,,,,,,1,,,,,,基本語
984,処理,しょり,,,,,,1,,,,,,基本語
985,署名,しょめい,,,,,,1,,,,,,基本語
986,諸国,しょこく,,,,,,1,,,,,,基本語
987,除外,じょがい,,,,,,1,,,,,,基本語
988,承諾,しょうだく,,,,,,1,,,,,,基本語
989,将来,しょうらい,,,,,,1,,,,,,基本語
990,傷口,きずぐち,,,,,,1,,,,,,基本語
991,障害,しょうがい,,,,,,1,,,,,,基本語
992,城下,じょうか,,,,,,1,,,,,,基本語
993,蒸気,じょうき,,,,,,1,,,,,,基本語
994,針金,はりがね,,,,,,1,,,,,,基本語
995,仁義,じんぎ,,,,,,1,,,,,,基本語
996,垂直,すいちょく,,,,,,1,,,,,,基本語
997,推理,すいり,,,,,,1,,,,,,基本語
998,寸法,すんぽう,,,,,,1,,,,,,基本語
999,盛大,せいだい,,,,,,1,,,,,,基本語
1000,聖地,せいち,,,,,,1,,,,,,基本語
1001,誠意,せいい,,,,,,1,,,,,,基本語
1002,宣言,せんげん,,,,,,1,,,,,,基本語
1003,専用,せんよう,,,,,,1,,,,,,基本語
1004,泉水,せんすい,,,,,,1,,,,,,基本語
1005,洗剤,せんざい,,,,,,1,,,,,,基本語
1006,染色,せんしょく,,,,,,1,,,,,,基本語
1007,善悪,ぜんあく,,,,,,1,,,,,,基本語
1008,奏者,そうしゃ,,,,,,1,,,,,,基本語
1009,窓口,まどぐち,,,,,,1,,,,,,基本語
1010,創造,そうぞう,,,,,,1,,,,,,基本語
1011,装備,そうび,,,,,,1,,,,,,基本語
1012,層別,そうべつ,,,,,,1,,,,,,基本語
1013,操縦,そうじゅう,,,,,,1,,,,,,基本語
1014,蔵書,ぞうしょ,,,,,,1,,,,,,基本語
1015,臓器,ぞうき,,,,,,1,,,,,,基本語
1016,存続,そんぞく,,,,,,1,,,,,,基本語
1017,尊敬,そんけい,,,,,,1,,,,,,基本語
1018,宅地,たくち,,,,,,1,,,,,,基本語
1019,担任,たんにん,,,,,,1,,,,,,基本語
1020,探検,たんけん,,,,,,1,,,,,,基本語
1021,誕生,たんじょう,,,,,,1,,,,,,基本語
1022,段落,だんらく,,,,,,1,,,,,,基本語
1023,暖房,だんぼう,,,,,,1,,,,,,基本語
1024,値段,ねだん,,,,,,1,,,,,,基本語
1025,宙返り,ちゅうがえり,,,,,,1,,,,,,基本語
1026,忠実,ちゅうじつ,,,,,,1,,,,,,基本語
1027,著者,ちょしゃ,,,,,,1,,,,,,基本語
1028,庁舎,ちょうしゃ,,,,,,1,,,,,,基本語
1029,頂点,ちょうてん,,,,,,1,,,,,,基本語
1030,潮流,ちょうりゅう,,,,,,1,,,,,,基本語
1031,賃金,ちんぎん,,,,,,1,,,,,,基本語
1032,痛快,つうかい,,,,,,1,,,,,,基本語
1033,展開,てんかい,,,,,,1,,,,,,基本語
1034,討論,とうろん,,,,,,1,,,,,,基本語
1035,党員,とういん,,,,,,1,,,,,,基本語
1036,糖分,とうぶん,,,,,,1,,,,,,基本語
1037,届出,とどけで,,,,,,1,,,,,,基本語
1038,難題,なんだい,,,,,,1,,,,,,基本語
1039,乳酸,にゅうさん,,,,,,1,,,,,,基本語
1040,認証,にんしょう,,,,,,1,,,,,,基本語
1041,納品,のうひん,,,,,,1,,,,,,基本語
1042,脳内,のうない,,,,,,1,,,,,,基本語
1043,派遣,はけん,,,,,,1,,,,,,基本語
1044,拝見,はいけん,,,,,,1,,,,,,基本語
1045,背骨,せぼね,,,,,,1,,,,,,基本語
1046,肺活量,はいかつりょう,,,,,,1,,,,,,基本語
1047,俳句,はいく,,,,,,1,,,,,,基本語
1048,班長,はんちょう,,,,,,1,,,,,,基本語
1049,晩年,ばんねん,,,,,,1,,,,,,基本語
1050,否定,ひてい,,,,,,1,,,,,,基本語
1051,批判,ひはん,,,,,,1,,,,,,基本語
1052,秘伝,ひでん,,,,,,1,,,,,,基本語
1053,腹痛,ふくつう,,,,,,1,,,,,,基本語
1054,奮闘,ふんとう,,,,,,1,,,,,,基本語
1055,並列,へいれつ,,,,,,1,,,,,,基本語
1056,陛下,へいか,,,,,,1,,,,,,基本語
1057,閉店,へいてん,,,,,,1,,,,,,基本語
1058,片方,かたほう,,,,,,1,,,,,,基本語
1059,補助,ほじょ,,,,,,1,,,,,,基本語
1060,暮色,ぼしょく,,,,,,1,,,,,,基本語
1061,宝石,ほうせき,,,,,,1,,,,,,基本語
1062,訪問,ほうもん,,,,,,1,,,,,,基本語
1063,亡命,ぼうめい,,,,,,1,,,,,,基本語
1064,忘年会,ぼうねんかい,,,,,,1,,,,,,基本語
1065,棒線,ぼうせん,,,,,,1,,,,,,基本語
1066,枚数,まいすう,,,,,,1,,,,,,基本語
1067,幕府,ばくふ,,,,,,1,,,,,,基本語
1068,密室,みっしつ,,,,,,1,,,,,,基本語
1069,盟友,めいゆう,,,,,,1,,,,,,基本語
1070,模様,もよう,,,,,,1,,,,,,基本語
1071,訳文,やくぶん,,,,,,1,,,,,,基本語
1072,郵便,ゆうびん,,,,,,1,,,,,,基本語
1073,優先,ゆうせん,,,,,,1,,,,,,基本語
1074,幼児,ようじ,,,,,,1,,,,,,基本語
1075,欲望,よくぼう,,,,,,1,,,,,,基本語
1076,翌日,よくじつ,,,,,,1,,,,,,基本語
1077,乱数,らんすう,,,,,,1,,,,,,基本語
1078,卵黄,らんおう,,,,,,1,,,,,,基本語
1079,覧表,らんひょう,,,,,,1,,,,,,基本語
1080,裏面,りめん,,,,,,1,,,,,,基本語
1081,律令,りつりょう,,,,,,1,,,,,,基本語
1082,臨時,りんじ,,,,,,1,,,,,,基本語
1083,朗読,ろうどく,,,,,,1,,,,,,基本語
1084,論理,ろんり,,,,,,1,,,,,,基本語
1085,死神,しにがみ,,,,,,,1,,,,,BLEACH
1086,斬魄刀,ざんぱくとう,,,,,,,1,,,,,BLEACH
1087,卍解,ばんかい,,,,,,,1,,,,,BLEACH
1088,始解,しかい,,,,,,,1,,,,,BLEACH
1089,虚,ほろう,,,,,,,1,,,,,BLEACH
1090,破面,あらんかる,,,,,,,1,,,,,BLEACH
1091,仮面の軍勢,ゔぁいざーど,,,,,,,1,,,,,BLEACH
1092,滅却師,くいんしー,,,,,,,1,,,,,BLEACH
1093,尸魂界,そうるそさえてぃ,,,,,,,1,,,,,BLEACH
1094,現世,げんせ,,,,,,,1,,,,,BLEACH
1095,霊圧,れいあつ,,,,,,,1,,,,,BLEACH
1096,霊力,れいりょく,,,,,,,1,,,,,BLEACH
1097,護廷十三隊,ごていじゅうさんたい,,,,,,,1,,,,,BLEACH
1098,瀞霊廷,せいれいてい,,,,,,,1,,,,,BLEACH
1099,流魂街,るこんがい,,,,,,,1,,,,,BLEACH
1100,双殛,そうきょく,,,,,,,1,,,,,BLEACH
1101,鬼道,きどう,,,,,,,1,,,,,BLEACH
1102,縛道,ばくどう,,,,,,,1,,,,,BLEACH
1103,破道,はどう,,,,,,,1,,,,,BLEACH
1104,黒崎一護,くろさきいちご,,,,,,,1,,,,,BLEACH
1105,朽木ルキア,くちきるきあ,,,,,,,1,,,,,BLEACH
1106,井上織姫,いのうえおりひめ,,,,,,,1,,,,,BLEACH
1107,石田雨竜,いしだうりゅう,,,,,,,1,,,,,BLEACH
1108,茶渡泰虎,さどやすとら,,,,,,,1,,,,,BLEACH
1109,阿散井恋次,あばらいれんじ,,,,,,,1,,,,,BLEACH
1110,朽木白哉,くちきびゃくや,,,,,,,1,,,,,BLEACH
1111,更木剣八,ざらきけんぱち,,,,,,,1,,,,,BLEACH
1112,日番谷冬獅郎,ひつがやとうしろう,,,,,,,1,,,,,BLEACH
1113,松本乱菊,まつもとらんぎく,,,,,,,1,,,,,BLEACH
1114,藍染惣右介,あいぜんそうすけ,,,,,,,1,,,,,BLEACH
1115,市丸ギン,いちまるぎん,,,,,,,1,,,,,BLEACH
1116,東仙要,とうせんかなめ,,,,,,,1,,,,,BLEACH
1117,浦原喜助,うらはらきすけ,,,,,,,1,,,,,BLEACH
1118,四楓院夜一,しほういんよるいち,,,,,,,1,,,,,BLEACH
1119,山本元柳斎重國,やまもとげんりゅうさいしげくに,,,,,,,1,,,,,BLEACH
1120,京楽春水,きょうらくしゅんすい,,,,,,,1,,,,,BLEACH
1121,浮竹十四郎,うきたけじゅうしろう,,,,,,,1,,,,,BLEACH
1122,砕蜂,そいふぉん,,,,,,,1,,,,,BLEACH
1123,涅マユリ,くろつちまゆり,,,,,,,1,,,,,BLEACH
1124,卯ノ花烈,うのはなれつ,,,,,,,1,,,,,BLEACH
1125,狛村左陣,こまむらさじん,,,,,,,1,,,,,BLEACH
1126,平子真子,ひらこしんじ,,,,,,,1,,,,,BLEACH
1127,猿柿ひよ里,さるがきひより,,,,,,,1,,,,,BLEACH
1128,雛森桃,ひなもりもも,,,,,,,1,,,,,BLEACH
1129,吉良イヅル,きらいづる,,,,,,,1,,,,,BLEACH
1130,伊勢七緒,いせななお,,,,,,,1,,,,,BLEACH
1131,斑目一角,まだらめいっかく,,,,,,,1,,,,,BLEACH
1132,綾瀬川弓親,あやせがわゆみちか,,,,,,,1,,,,,BLEACH
1133,檜佐木修兵,ひさぎしゅうへい,,,,,,,1,,,,,BLEACH
1134,草鹿やちる,くさじしやちる,,,,,,,1,,,,,BLEACH
1135,涅ネム,くろつちねむ,,,,,,,1,,,,,BLEACH
1136,虎徹勇音,こてついさね,,,,,,,1,,,,,BLEACH
1137,虎徹清音,こてつきよね,,,,,,,1,,,,,BLEACH
1138,雀部長次郎,ささきべちょうじろう,,,,,,,1,,,,,BLEACH
1139,大前田希千代,おおまえだまれちよ,,,,,,,1,,,,,BLEACH
1140,天鎖斬月,てんさざんげつ,,,,,,,1,,,,,BLEACH
1141,斬月,ざんげつ,,,,,,,1,,,,,BLEACH
1142,袖白雪,そでのしらゆき,,,,,,,1,,,,,BLEACH
1143,千本桜,せんぼんざくら,,,,,,,1,,,,,BLEACH
1144,蛇尾丸,ざびまる,,,,,,,1,,,,,BLEACH
1145,氷輪丸,ひょうりんまる,,,,,,,1,,,,,BLEACH
1146,灰猫,はいねこ,,,,,,,1,,,,,BLEACH
1147,鏡花水月,きょうかすいげつ,,,,,,,1,,,,,BLEACH
1148,神鎗,しんそう,,,,,,,1,,,,,BLEACH
1149,清虫,すずむし,,,,,,,1,,,,,BLEACH
1150,紅姫,べにひめ,,,,,,,1,,,,,BLEACH
1151,雀蜂,すずめばち,,,,,,,1,,,,,BLEACH
1152,肉雫唼,みなづき,,,,,,,1,,,,,BLEACH
1153,疋殺地蔵,あしそぎじぞう,,,,,,,1,,,,,BLEACH
1154,侘助,わびすけ,,,,,,,1,,,,,BLEACH
1155,飛梅,とびうめ,,,,,,,1,,,,,BLEACH
1156,千本桜景厳,せんぼんざくらかげよし,,,,,,,1,,,,,BLEACH
1157,大紅蓮氷輪丸,だいぐれんひょうりんまる,,,,,,,1,,,,,BLEACH
1158,双魚理,そうぎょのことわり,,,,,,,1,,,,,BLEACH
1159,花天狂骨,かてんきょうこつ,,,,,,,1,,,,,BLEACH
1160,劈烏,つんざきがらす,,,,,,,1,,,,,BLEACH
1161,王悦,おうえつ,,,,,,,1,,,,,BLEACH
1162,麒麟寺天示郎,きりんじてんじろう,,,,,,,1,,,,,BLEACH
1163,曳舟桐生,ひきふねきりお,,,,,,,1,,,,,BLEACH
1164,修多羅千手丸,しゅたらせんじゅまる,,,,,,,1,,,,,BLEACH
1165,兵主部一兵衛,ひょうすべいちべえ,,,,,,,1,,,,,BLEACH
1166,友哈巴赫,ゆーはばっは,,,,,,,1,,,,,BLEACH
1167,石田宗弦,いしだそうけん,,,,,,,1,,,,,BLEACH
1168,石田竜弦,いしだりゅうけん,,,,,,,1,,,,,BLEACH
1169,黒崎真咲,くろさきまさき,,,,,,,1,,,,,BLEACH
1170,黒崎一心,くろさきいっしん,,,,,,,1,,,,,BLEACH
1171,有沢竜貴,ありさわたつき,,,,,,,1,,,,,BLEACH
1172,浅野啓吾,あさのけいご,,,,,,,1,,,,,BLEACH
1173,小島水色,こじまみずいろ,,,,,,,1,,,,,BLEACH
1174,浦原商店,うらはらしょうてん,,,,,,,1,,,,,BLEACH
1175,一期一会,いちごいちえ,,,,,,,,1,,,,四字熟語
1176,一石二鳥,いっせきにちょう,,,,,,,,1,,,,四字熟語
1177,一朝一夕,いっちょういっせき,,,,,,,,1,,,,四字熟語
1178,一進一退,いっしんいったい,,,,,,,,1,,,,四字熟語
1179,一心同体,いっしんどうたい,,,,,,,,1,,,,四字熟語
1180,一生懸命,いっしょうけんめい,,,,,,,,1,,,,四字熟語
1181,一長一短,いっちょういったん,,,,,,,,1,,,,四字熟語
1182,一刀両断,いっとうりょうだん,,,,,,,,1,,,,四字熟語
1183,一網打尽,いちもうだじん,,,,,,,,1,,,,四字熟語
1184,一目瞭然,いちもくりょうぜん,,,,,,,,1,,,,四字熟語
1185,右往左往,うおうさおう,,,,,,,,1,,,,四字熟語
1186,温故知新,おんこちしん,,,,,,,,1,,,,四字熟語
1187,我田引水,がでんいんすい,,,,,,,,1,,,,四字熟語
1188,起承転結,きしょうてんけつ,,,,,,,,1,,,,四字熟語
1189,喜怒哀楽,きどあいらく,,,,,,,,1,,,,四字熟語
1190,危機一髪,ききいっぱつ,,,,,,,,1,,,,四字熟語
1191,疑心暗鬼,ぎしんあんき,,,,,,,,1,,,,四字熟語
1192,九死一生,きゅうしいっしょう,,,,,,,,1,,,,四字熟語
1193,空前絶後,くうぜんぜつご,,,,,,,,1,,,,四字熟語
1194,公明正大,こうめいせいだい,,,,,,,,1,,,,四字熟語
1195,公私混同,こうしこんどう,,,,,,,,1,,,,四字熟語
1196,五里霧中,ごりむちゅう,,,,,,,,1,,,,四字熟語
1197,三寒四温,さんかんしおん,,,,,,,,1,,,,四字熟語
1198,三者三様,さんしゃさんよう,,,,,,,,1,,,,四字熟語
1199,三日坊主,みっかぼうず,,,,,,,,1,,,,四字熟語
1200,自画自賛,じがじさん,,,,,,,,1,,,,四字熟語
1201,自業自得,じごうじとく,,,,,,,,1,,,,四字熟語
1202,自問自答,じもんじとう,,,,,,,,1,,,,四字熟語
1203,七転八起,しちてんはっき|ななころびやおき,,,,,,,,1,,,,四字熟語
1204,七転八倒,しちてんばっとう,,,,,,,,1,,,,四字熟語
1205,弱肉強食,じゃくにくきょうしょく,,,,,,,,1,,,,四字熟語
1206,首尾一貫,しゅびいっかん,,,,,,,,1,,,,四字熟語
1207,順風満帆,じゅんぷうまんぱん,,,,,,,,1,,,,四字熟語
1208,十人十色,じゅうにんといろ,,,,,,,,1,,,,四字熟語
1209,十中八九,じっちゅうはっく|じゅっちゅうはっく,,,,,,,,1,,,,四字熟語
1210,縦横無尽,じゅうおうむじん,,,,,,,,1,,,,四字熟語
1211,試行錯誤,しこうさくご,,,,,,,,1,,,,四字熟語
1212,心機一転,しんきいってん,,,,,,,,1,,,,四字熟語
1213,森羅万象,しんらばんしょう,,,,,,,,1,,,,四字熟語
1214,晴耕雨読,せいこううどく,,,,,,,,1,,,,四字熟語
1215,絶体絶命,ぜったいぜつめい,,,,,,,,1,,,,四字熟語
1216,前代未聞,ぜんだいみもん,,,,,,,,1,,,,四字熟語
1217,千載一遇,せんざいいちぐう,,,,,,,,1,,,,四字熟語
1218,大器晩成,たいきばんせい,,,,,,,,1,,,,四字熟語
1219,単刀直入,たんとうちょくにゅう,,,,,,,,1,,,,四字熟語
1220,電光石火,でんこうせっか,,,,,,,,1,,,,四字熟語
1221,東奔西走,とうほんせいそう,,,,,,,,1,,,,四字熟語
1222,日進月歩,にっしんげっぽ,,,,,,,,1,,,,四字熟語
1223,馬耳東風,ばじとうふう,,,,,,,,1,,,,四字熟語
1224,百発百中,ひゃっぱつひゃくちゅう,,,,,,,,1,,,,四字熟語
1225,不言実行,ふげんじっこう,,,,,,,,1,,,,四字熟語
1226,無我夢中,むがむちゅう,,,,,,,,1,,,,四字熟語
1227,油断大敵,ゆだんたいてき,,,,,,,,1,,,,四字熟語
1228,臨機応変,りんきおうへん,,,,,,,,1,,,,四字熟語
1229,因果応報,いんがおうほう,,,,,,,,1,,,,四字熟語
1230,完全無欠,かんぜんむけつ,,,,,,,,1,,,,四字熟語
1231,乾坤一擲,けんこんいってき,,,,,,,,1,,,,四字熟語
1232,行雲流水,こううんりゅうすい,,,,,,,,1,,,,四字熟語
1233,才色兼備,さいしょくけんび,,,,,,,,1,,,,四字熟語
1234,弱冠二十,じゃっかんはたち,,,,,,,,1,,,,四字熟語
1235,取捨選択,しゅしゃせんたく,,,,,,,,1,,,,四字熟語
1236,誠心誠意,せいしんせいい,,,,,,,,1,,,,四字熟語
1237,大同小異,だいどうしょうい,,,,,,,,1,,,,四字熟語
1238,適材適所,てきざいてきしょ,,,,,,,,1,,,,四字熟語
1239,二束三文,にそくさんもん,,,,,,,,1,,,,四字熟語
1240,八方美人,はっぽうびじん,,,,,,,,1,,,,四字熟語
1241,半信半疑,はんしんはんぎ,,,,,,,,1,,,,四字熟語
1242,品行方正,ひんこうほうせい,,,,,,,,1,,,,四字熟語
1243,不眠不休,ふみんふきゅう,,,,,,,,1,,,,四字熟語
1244,名誉挽回,めいよばんかい,,,,,,,,1,,,,四字熟語
1245,優柔不断,ゆうじゅうふだん,,,,,,,,1,,,,四字熟語
1246,用意周到,よういしゅうとう,,,,,,,,1,,,,四字熟語
1247,竜頭蛇尾,りゅうとうだび,,,,,,,,1,,,,四字熟語
1248,和洋折衷,わようせっちゅう,,,,,,,,1,,,,四字熟語
1249,阿鼻叫喚,あびきょうかん,,,,,,,,1,,,,四字熟語
1250,暗中模索,あんちゅうもさく,,,,,,,,1,,,,四字熟語
1251,意気投合,いきとうごう,,,,,,,,1,,,,四字熟語
1252,異口同音,いくどうおん,,,,,,,,1,,,,四字熟語
1253,以心伝心,いしんでんしん,,,,,,,,1,,,,四字熟語
1254,一喜一憂,いっきいちゆう,,,,,,,,1,,,,四字熟語
1255,一挙一動,いっきょいちどう,,,,,,,,1,,,,四字熟語
1256,一触即発,いっしょくそくはつ,,,,,,,,1,,,,四字熟語
1257,一知半解,いっちはんかい,,,,,,,,1,,,,四字熟語
1258,一部始終,いちぶしじゅう,,,,,,,,1,,,,四字熟語
1259,有為転変,ういてんぺん,,,,,,,,1,,,,四字熟語
1260,栄枯盛衰,えいこせいすい,,,,,,,,1,,,,四字熟語
1261,岡目八目,おかめはちもく,,,,,,,,1,,,,四字熟語
1262,画竜点睛,がりょうてんせい,,,,,,,,1,,,,四字熟語
1263,奇想天外,きそうてんがい,,,,,,,,1,,,,四字熟語
1264,旧態依然,きゅうたいいぜん,,,,,,,,1,,,,四字熟語
1265,玉石混交,ぎょくせきこんこう,,,,,,,,1,,,,四字熟語
1266,群雄割拠,ぐんゆうかっきょ,,,,,,,,1,,,,四字熟語
1267,古今東西,ここんとうざい,,,,,,,,1,,,,四字熟語
1268,呉越同舟,ごえつどうしゅう,,,,,,,,1,,,,四字熟語
1269,三位一体,さんみいったい,,,,,,,,1,,,,四字熟語
1270,四苦八苦,しくはっく,,,,,,,,1,,,,四字熟語
1271,四面楚歌,しめんそか,,,,,,,,1,,,,四字熟語
1272,針小棒大,しんしょうぼうだい,,,,,,,,1,,,,四字熟語
1273,切磋琢磨,せっさたくま,,,,,,,,1,,,,四字熟語
1274,創意工夫,そういくふう,,,,,,,,1,,,,四字熟語
1275,朝令暮改,ちょうれいぼかい,,,,,,,,1,,,,四字熟語
1276,適者生存,てきしゃせいぞん,,,,,,,,1,,,,四字熟語
1277,二律背反,にりつはいはん,,,,,,,,1,,,,四字熟語
1278,破顔一笑,はがんいっしょう,,,,,,,,1,,,,四字熟語
1279,不易流行,ふえきりゅうこう,,,,,,,,1,,,,四字熟語
1280,無病息災,むびょうそくさい,,,,,,,,1,,,,四字熟語
1281,明鏡止水,めいきょうしすい,,,,,,,,1,,,,四字熟語
1282,門外不出,もんがいふしゅつ,,,,,,,,1,,,,四字熟語
1283,為替,かわせ,,,,,,,,,1,,,難読
1284,五月雨,さみだれ,,,,,,,,,1,,,難読
1285,時雨,しぐれ,,,,,,,,,1,,,難読
1286,紅葉,もみじ|こうよう,,,,,,,,,1,,,難読
1287,吹雪,ふぶき,,,,,,,,,1,,,難読
1288,雪崩,なだれ,,,,,,,,,1,,,難読
1289,海女,あま,,,,,,,,,1,,,難読
1290,田舎,いなか,,,,,,,,,1,,,難読
1291,土産,みやげ,,,,,,,,,1,,,難読
1292,眼鏡,めがね,,,,,,,,,1,,,難読
1293,浴衣,ゆかた,,,,,,,,,1,,,難読
1294,玄人,くろうと,,,,,,,,,1,,,難読
1295,素人,しろうと,,,,,,,,,1,,,難読
1296,仲人,なこうど,,,,,,,,,1,,,難読
1297,一昨日,おととい,,,,,,,,,1,,,難読
1298,明後日,あさって,,,,,,,,,1,,,難読
1299,今日,きょう,,,,,,,,,1,,,難読
1300,明日,あした|あす,,,,,,,,,1,,,難読
1301,昨日,きのう,,,,,,,,,1,,,難読
1302,七夕,たなばた,,,,,,,,,1,,,難読
1303,流石,さすが,,,,,,,,,1,,,難読
1304,五月蠅い,うるさい,,,,,,,,,1,,,難読
1305,可愛い,かわいい,,,,,,,,,1,,,難読
1306,美味しい,おいしい,,,,,,,,,1,,,難読
1307,煙草,たばこ,,,,,,,,,1,,,難読
1308,土筆,つくし,,,,,,,,,1,,,難読
1309,向日葵,ひまわり,,,,,,,,,1,,,難読
1310,蒲公英,たんぽぽ,,,,,,,,,1,,,難読
1311,秋刀魚,さんま,,,,,,,,,1,,,難読
1312,海老,えび,,,,,,,,,1,,,難読
1313,烏賊,いか,,,,,,,,,1,,,難読
1314,蛸,たこ,,,,,,,,,1,,,難読
1315,鰯,いわし,,,,,,,,,1,,,難読
1316,鯖,さば,,,,,,,,,1,,,難読
1317,鮭,さけ|しゃけ,,,,,,,,,1,,,難読
1318,鯨,くじら,,,,,,,,,1,,,難読
1319,鰻,うなぎ,,,,,,,,,1,,,難読
1320,鰹,かつお,,,,,,,,,1,,,難読
1321,鯛,たい,,,,,,,,,1,,,難読
1322,鯉,こい,,,,,,,,,1,,,難読
1323,鮎,あゆ,,,,,,,,,1,,,難読
1324,牡蠣,かき,,,,,,,,,1,,,難読
1325,蜻蛉,とんぼ,,,,,,,,,1,,,難読
1326,蝸牛,かたつむり,,,,,,,,,1,,,難読
1327,蜘蛛,くも,,,,,,,,,1,,,難読
1328,蟋蟀,こおろぎ,,,,,,,,,1,,,難読
1329,百足,むかで,,,,,,,,,1,,,難読
1330,兎,うさぎ,,,,,,,,,1,,,難読
1331,狐,きつね,,,,,,,,,1,,,難読
1332,狸,たぬき,,,,,,,,,1,,,難読
1333,蝙蝠,こうもり,,,,,,,,,1,,,難読
1334,河馬,かば,,,,,,,,,1,,,難読
1335,海豚,いるか,,,,,,,,,1,,,難読
1336,海豹,あざらし,,,,,,,,,1,,,難読
1337,馴鹿,となかい,,,,,,,,,1,,,難読
1338,駱駝,らくだ,,,,,,,,,1,,,難読
1339,百舌鳥,もず,,,,,,,,,1,,,難読
1340,雲雀,ひばり,,,,,,,,,1,,,難読
1341,時鳥,ほととぎす,,,,,,,,,1,,,難読
1342,啄木鳥,きつつき,,,,,,,,,1,,,難読
1343,梟,ふくろう,,,,,,,,,1,,,難読
1344,烏,からす,,,,,,,,,1,,,難読
1345,鶯,うぐいす,,,,,,,,,1,,,難読
1346,燕,つばめ,,,,,,,,,1,,,難読
1347,雉,きじ,,,,,,,,,1,,,難読
1348,鳩,はと,,,,,,,,,1,,,難読
1349,雀,すずめ,,,,,,,,,1,,,難読
1350,蚯蚓,みみず,,,,,,,,,1,,,難読
1351,蜥蜴,とかげ,,,,,,,,,1,,,難読
1352,蝮,まむし,,,,,,,,,1,,,難読
1353,蛙,かえる,,,,,,,,,1,,,難読
1354,蟹,かに,,,,,,,,,1,,,難読
1355,栗鼠,りす,,,,,,,,,1,,,難読
1356,土竜,もぐら,,,,,,,,,1,,,難読
1357,山羊,やぎ,,,,,,,,,1,,,難読
1358,海鼠,なまこ,,,,,,,,,1,,,難読
1359,海月,くらげ,,,,,,,,,1,,,難読
1360,海星,ひとで,,,,,,,,,1,,,難読
1361,水母,くらげ,,,,,,,,,1,,,難読
1362,羊歯,しだ,,,,,,,,,1,,,難読
1363,馬酔木,あせび,,,,,,,,,1,,,難読
1364,紫陽花,あじさい,,,,,,,,,1,,,難読
1365,石榴,ざくろ,,,,,,,,,1,,,難読
1366,檸檬,れもん,,,,,,,,,1,,,難読
1367,林檎,りんご,,,,,,,,,1,,,難読
1368,葡萄,ぶどう,,,,,,,,,1,,,難読
1369,無花果,いちじく,,,,,,,,,1,,,難読
1370,西瓜,すいか,,,,,,,,,1,,,難読
1371,南瓜,かぼちゃ,,,,,,,,,1,,,難読
1372,胡瓜,きゅうり,,,,,,,,,1,,,難読
1373,茄子,なす,,,,,,,,,1,,,難読
1374,牛蒡,ごぼう,,,,,,,,,1,,,難読
1375,人参,にんじん,,,,,,,,,1,,,難読
1376,大蒜,にんにく,,,,,,,,,1,,,難読
1377,生姜,しょうが,,,,,,,,,1,,,難読
1378,山葵,わさび,,,,,,,,,1,,,難読
1379,北海道,ほっかいどう,,,,,,,,,,1,,地名
1380,青森,あおもり,,,,,,,,,,1,,地名
1381,岩手,いわて,,,,,,,,,,1,,地名
1382,秋田,あきた,,,,,,,,,,1,,地名
1383,山形,やまがた,,,,,,,,,,1,,地名
1384,福島,ふくしま,,,,,,,,,,1,,地名
1385,栃木,とちぎ,,,,,,,,,,1,,地名
1386,群馬,ぐんま,,,,,,,,,,1,,地名
1387,埼玉,さいたま,,,,,,,,,,1,,地名
1388,千葉,ちば,,,,,,,,,,1,,地名
1389,東京,とうきょう,,,,,,,,,,1,,地名
1390,神奈川,かながわ,,,,,,,,,,1,,地名
1391,新潟,にいがた,,,,,,,,,,1,,地名
1392,富山,とやま,,,,,,,,,,1,,地名
1393,石川,いしかわ,,,,,,,,,,1,,地名
1394,福井,ふくい,,,,,,,,,,1,,地名
1395,山梨,やまなし,,,,,,,,,,1,,地名
1396,長野,ながの,,,,,,,,,,1,,地名
1397,岐阜,ぎふ,,,,,,,,,,1,,地名
1398,静岡,しずおか,,,,,,,,,,1,,地名
1399,愛知,あいち,,,,,,,,,,1,,地名
1400,三重,みえ,,,,,,,,,,1,,地名
1401,滋賀,しが,,,,,,,,,,1,,地名
1402,京都,きょうと,,,,,,,,,,1,,地名
1403,大阪,おおさか,,,,,,,,,,1,,地名
1404,兵庫,ひょうご,,,,,,,,,,1,,地名
1405,奈良,なら,,,,,,,,,,1,,地名
1406,和歌山,わかやま,,,,,,,,,,1,,地名
1407,鳥取,とっとり,,,,,,,,,,1,,地名
1408,島根,しまね,,,,,,,,,,1,,地名
1409,岡山,おかやま,,,,,,,,,,1,,地名
1410,広島,ひろしま,,,,,,,,,,1,,地名
1411,山口,やまぐち,,,,,,,,,,1,,地名
1412,徳島,とくしま,,,,,,,,,,1,,地名
1413,香川,かがわ,,,,,,,,,,1,,地名
1414,愛媛,えひめ,,,,,,,,,,1,,地名
1415,高知,こうち,,,,,,,,,,1,,地名
1416,福岡,ふくおか,,,,,,,,,,1,,地名
1417,佐賀,さが,,,,,,,,,,1,,地名
1418,長崎,ながさき,,,,,,,,,,1,,地名
1419,熊本,くまもと,,,,,,,,,,1,,地名
1420,大分,おおいた,,,,,,,,,,1,,地名
1421,宮崎,みやざき,,,,,,,,,,1,,地名
1422,鹿児島,かごしま,,,,,,,,,,1,,地名
1423,沖縄,おきなわ,,,,,,,,,,1,,地名
1424,名古屋,なごや,,,,,,,,,,1,,地名
1425,豊橋,とよはし,,,,,,,,,,1,,地名
1426,岡崎,おかざき,,,,,,,,,,1,,地名
1427,一宮,いちのみや,,,,,,,,,,1,,地名
1428,岐阜市,ぎふし,,,,,,,,,,1,,地名
1429,大垣,おおがき,,,,,,,,,,1,,地名
1430,多治見,たじみ,,,,,,,,,,1,,地名
1431,高山,たかやま,,,,,,,,,,1,,地名
1432,可児,かに,,,,,,,,,,1,,地名
1433,関,せき,,,,,,,,,,1,,地名
1434,中津川,なかつがわ,,,,,,,,,,1,,地名
1435,津,つ,,,,,,,,,,1,,地名
1436,四日市,よっかいち,,,,,,,,,1,1,,地名
1437,桑名,くわな,,,,,,,,,1,1,,地名
1438,鈴鹿,すずか,,,,,,,,,,1,,地名
1439,松阪,まつさか,,,,,,,,,,1,,地名
1440,伊勢,いせ,,,,,,,,,,1,,地名
1441,志摩,しま,,,,,,,,,1,1,,地名
1442,大津,おおつ,,,,,,,,,,1,,地名
1443,草津,くさつ,,,,,,,,,,1,,地名
1444,彦根,ひこね,,,,,,,,,,1,,地名
1445,長浜,ながはま,,,,,,,,,,1,,地名
1446,近江八幡,おうみはちまん,,,,,,,,,1,1,,地名
1447,米原,まいばら,,,,,,,,,1,1,,地名
1448,京都市,きょうとし,,,,,,,,,,1,,地名
1449,宇治,うじ,,,,,,,,,,1,,地名
1450,舞鶴,まいづる,,,,,,,,,,1,,地名
1451,福知山,ふくちやま,,,,,,,,,,1,,地名
1452,大阪市,おおさかし,,,,,,,,,,1,,地名
1453,堺,さかい,,,,,,,,,,1,,地名
1454,枚方,ひらかた,,,,,,,,,1,1,,地名
1455,高槻,たかつき,,,,,,,,,,1,,地名
1456,豊中,とよなか,,,,,,,,,,1,,地名
1457,神戸,こうべ|かんべ,,,,,,,,,1,1,,地名
1458,姫路,ひめじ,,,,,,,,,,1,,地名
1459,尼崎,あまがさき,,,,,,,,,,1,,地名
1460,西宮,にしのみや,,,,,,,,,,1,,地名
1461,明石,あかし,,,,,,,,,,1,,地名
1462,奈良市,ならし,,,,,,,,,,1,,地名
1463,橿原,かしはら,,,,,,,,,,1,,地名
1464,天理,てんり,,,,,,,,,1,1,,地名
1465,和歌山市,わかやまし,,,,,,,,,,1,,地名
1466,田辺,たなべ,,,,,,,,,,1,,地名
1467,新宮,しんぐう,,,,,,,,,1,1,,地名
1468,一意専心,いちいせんしん,,,,,,,,1,,,,追加：四字熟語
1469,一国一城,いっこくいちじょう,,,,,,,,1,,,,追加：四字熟語
1470,一言一句,いちごんいっく,,,,,,,,1,,,,追加：四字熟語
1471,一日千秋,いちじつせんしゅう,,,,,,,,1,,,,追加：四字熟語
1472,一念発起,いちねんほっき,,,,,,,,1,,,,追加：四字熟語
1473,一望千里,いちぼうせんり,,,,,,,,1,,,,追加：四字熟語
1474,一蓮托生,いちれんたくしょう,,,,,,,,1,,,,追加：四字熟語
1475,一陽来復,いちようらいふく,,,,,,,,1,,,,追加：四字熟語
1476,一攫千金,いっかくせんきん,,,,,,,,1,,,,追加：四字熟語
1477,一気呵成,いっきかせい,,,,,,,,1,,,,追加：四字熟語
1478,一騎当千,いっきとうせん,,,,,,,,1,,,,追加：四字熟語
1479,一切合切,いっさいがっさい,,,,,,,,1,,,,追加：四字熟語
1480,一視同仁,いっしどうじん,,,,,,,,1,,,,追加：四字熟語
1481,一心不乱,いっしんふらん,,,,,,,,1,,,,追加：四字熟語
1482,一世一代,いっせいちだい,,,,,,,,1,,,,追加：四字熟語
1483,一得一失,いっとくいっしつ,,,,,,,,1,,,,追加：四字熟語
1484,一念通天,いちねんつうてん,,,,,,,,1,,,,追加：四字熟語
1485,一罰百戒,いちばつひゃっかい,,,,,,,,1,,,,追加：四字熟語
1486,一病息災,いちびょうそくさい,,,,,,,,1,,,,追加：四字熟語
1487,一味同心,いちみどうしん,,,,,,,,1,,,,追加：四字熟語
1488,一問一答,いちもんいっとう,,,,,,,,1,,,,追加：四字熟語
1489,一利一害,いちりいちがい,,,,,,,,1,,,,追加：四字熟語
1490,二者択一,にしゃたくいつ,,,,,,,,1,,,,追加：四字熟語
1491,二転三転,にてんさんてん,,,,,,,,1,,,,追加：四字熟語
1492,二人三脚,ににんさんきゃく,,,,,,,,1,,,,追加：四字熟語
1493,三権分立,さんけんぶんりつ,,,,,,,,1,,,,追加：四字熟語
1494,三三五五,さんさんごご,,,,,,,,1,,,,追加：四字熟語
1495,三者鼎立,さんしゃていりつ,,,,,,,,1,,,,追加：四字熟語
1496,三十六計,さんじゅうろっけい,,,,,,,,1,,,,追加：四字熟語
1497,三拝九拝,さんぱいきゅうはい,,,,,,,,1,,,,追加：四字熟語
1498,三面六臂,さんめんろっぴ,,,,,,,,1,,,,追加：四字熟語
1499,三日天下,みっかてんか,,,,,,,,1,,,,追加：四字熟語
1500,四捨五入,ししゃごにゅう,,,,,,,,1,,,,追加：四字熟語
1501,四書五経,ししょごきょう,,,,,,,,1,,,,追加：四字熟語
1502,四通八達,しつうはったつ,,,,,,,,1,,,,追加：四字熟語
1503,四分五裂,しぶんごれつ,,,,,,,,1,,,,追加：四字熟語
1504,四方八方,しほうはっぽう,,,,,,,,1,,,,追加：四字熟語
1505,四海兄弟,しかいけいてい,,,,,,,,1,,,,追加：四字熟語
1506,四海同胞,しかいどうほう,,,,,,,,1,,,,追加：四字熟語
1507,五臓六腑,ごぞうろっぷ,,,,,,,,1,,,,追加：四字熟語
1508,五風十雨,ごふうじゅうう,,,,,,,,1,,,,追加：四字熟語
1509,五穀豊穣,ごこくほうじょう,,,,,,,,1,,,,追加：四字熟語
1510,六根清浄,ろっこんしょうじょう,,,,,,,,1,,,,追加：四字熟語
1511,七難八苦,しちなんはっく,,,,,,,,1,,,,追加：四字熟語
1512,七歩之才,しちほのさい,,,,,,,,1,,,,追加：四字熟語
1513,八面六臂,はちめんろっぴ,,,,,,,,1,,,,追加：四字熟語
1514,八紘一宇,はっこういちう,,,,,,,,1,,,,追加：四字熟語
1515,九分九厘,くぶくりん,,,,,,,,1,,,,追加：四字熟語
1516,十年一日,じゅうねんいちじつ,,,,,,,,1,,,,追加：四字熟語
1517,百花繚乱,ひゃっかりょうらん,,,,,,,,1,,,,追加：四字熟語
1518,百鬼夜行,ひゃっきやこう,,,,,,,,1,,,,追加：四字熟語
1519,百戦錬磨,ひゃくせんれんま,,,,,,,,1,,,,追加：四字熟語
1520,百戦百勝,ひゃくせんひゃくしょう,,,,,,,,1,,,,追加：四字熟語
1521,百折不撓,ひゃくせつふとう,,,,,,,,1,,,,追加：四字熟語
1522,百人百様,ひゃくにんひゃくよう,,,,,,,,1,,,,追加：四字熟語
1523,百家争鳴,ひゃっかそうめい,,,,,,,,1,,,,追加：四字熟語
1524,千差万別,せんさばんべつ,,,,,,,,1,,,,追加：四字熟語
1525,千思万考,せんしばんこう,,,,,,,,1,,,,追加：四字熟語
1526,千変万化,せんぺんばんか,,,,,,,,1,,,,追加：四字熟語
1527,千客万来,せんきゃくばんらい,,,,,,,,1,,,,追加：四字熟語
1528,千辛万苦,せんしんばんく,,,,,,,,1,,,,追加：四字熟語
1529,千紫万紅,せんしばんこう,,,,,,,,1,,,,追加：四字熟語
1530,千軍万馬,せんぐんばんば,,,,,,,,1,,,,追加：四字熟語
1531,千言万語,せんげんばんご,,,,,,,,1,,,,追加：四字熟語
1532,千呼万喚,せんこばんかん,,,,,,,,1,,,,追加：四字熟語
1533,万古不易,ばんこふえき,,,,,,,,1,,,,追加：四字熟語
1534,万事休す,ばんじきゅうす,,,,,,,,1,,,,追加：四字熟語
1535,万物流転,ばんぶつるてん,,,,,,,,1,,,,追加：四字熟語
1536,万里一空,ばんりいっくう,,,,,,,,1,,,,追加：四字熟語
1537,万緑一紅,ばんりょくいっこう,,,,,,,,1,,,,追加：四字熟語
1538,悪戦苦闘,あくせんくとう,,,,,,,,1,,,,追加：四字熟語
1539,悪口雑言,あっこうぞうごん,,,,,,,,1,,,,追加：四字熟語
1540,暗雲低迷,あんうんていめい,,,,,,,,1,,,,追加：四字熟語
1541,安心立命,あんしんりつめい,,,,,,,,1,,,,追加：四字熟語
1542,安寧秩序,あんねいちつじょ,,,,,,,,1,,,,追加：四字熟語
1543,安楽浄土,あんらくじょうど,,,,,,,,1,,,,追加：四字熟語
1544,意気軒昂,いきけんこう,,,,,,,,1,,,,追加：四字熟語
1545,意気消沈,いきしょうちん,,,,,,,,1,,,,追加：四字熟語
1546,意気揚々,いきようよう,,,,,,,,1,,,,追加：四字熟語
1547,異国情緒,いこくじょうちょ,,,,,,,,1,,,,追加：四字熟語
1548,異体同心,いたいどうしん,,,,,,,,1,,,,追加：四字熟語
1549,医食同源,いしょくどうげん,,,,,,,,1,,,,追加：四字熟語
1550,異端邪説,いたんじゃせつ,,,,,,,,1,,,,追加：四字熟語
1551,一衣帯水,いちいたいすい,,,,,,,,1,,,,追加：四字熟語
1552,因循姑息,いんじゅんこそく,,,,,,,,1,,,,追加：四字熟語
1553,隠忍自重,いんにんじちょう,,,,,,,,1,,,,追加：四字熟語
1554,紆余曲折,うよきょくせつ,,,,,,,,1,,,,追加：四字熟語
1555,雲散霧消,うんさんむしょう,,,,,,,,1,,,,追加：四字熟語
1556,英姿颯爽,えいしさっそう,,,,,,,,1,,,,追加：四字熟語
1557,永劫回帰,えいごうかいき,,,,,,,,1,,,,追加：四字熟語
1558,栄耀栄華,えいようえいが,,,,,,,,1,,,,追加：四字熟語
1559,益者三友,えきしゃさんゆう,,,,,,,,1,,,,追加：四字熟語
1560,会者定離,えしゃじょうり,,,,,,,,1,,,,追加：四字熟語
1561,越俎之罪,えっそのつみ,,,,,,,,1,,,,追加：四字熟語
1562,円満具足,えんまんぐそく,,,,,,,,1,,,,追加：四字熟語
1563,遠交近攻,えんこうきんこう,,,,,,,,1,,,,追加：四字熟語
1564,遠慮会釈,えんりょえしゃく,,,,,,,,1,,,,追加：四字熟語
1565,温厚篤実,おんこうとくじつ,,,,,,,,1,,,,追加：四字熟語
1566,音信不通,おんしんふつう,,,,,,,,1,,,,追加：四字熟語
1567,快刀乱麻,かいとうらんま,,,,,,,,1,,,,追加：四字熟語
1568,外柔内剛,がいじゅうないごう,,,,,,,,1,,,,追加：四字熟語
1569,臥薪嘗胆,がしんしょうたん,,,,,,,,1,,,,追加：四字熟語
1570,花鳥風月,かちょうふうげつ,,,,,,,,1,,,,追加：四字熟語
1571,家内安全,かないあんぜん,,,,,,,,1,,,,追加：四字熟語
1572,我武者羅,がむしゃら,,,,,,,,1,,,,追加：四字熟語
1573,寡廉鮮恥,かれんせんち,,,,,,,,1,,,,追加：四字熟語
1574,歓天喜地,かんてんきち,,,,,,,,1,,,,追加：四字熟語
1575,勧善懲悪,かんぜんちょうあく,,,,,,,,1,,,,追加：四字熟語
1576,感慨無量,かんがいむりょう,,,,,,,,1,,,,追加：四字熟語
1577,冠婚葬祭,かんこんそうさい,,,,,,,,1,,,,追加：四字熟語
1578,艱難辛苦,かんなんしんく,,,,,,,,1,,,,追加：四字熟語
1579,機知縦横,きちじゅうおう,,,,,,,,1,,,,追加：四字熟語
1580,危急存亡,ききゅうそんぼう,,,,,,,,1,,,,追加：四字熟語
1581,気炎万丈,きえんばんじょう,,,,,,,,1,,,,追加：四字熟語
1582,起死回生,きしかいせい,,,,,,,,1,,,,追加：四字熟語
1583,鬼哭啾啾,きこくしゅうしゅう,,,,,,,,1,,,,追加：四字熟語
1584,喜色満面,きしょくまんめん,,,,,,,,1,,,,追加：四字熟語
1585,気息奄々,きそくえんえん,,,,,,,,1,,,,追加：四字熟語
1586,吉凶禍福,きっきょうかふく,,,,,,,,1,,,,追加：四字熟語
1587,急転直下,きゅうてんちょっか,,,,,,,,1,,,,追加：四字熟語
1588,急流勇退,きゅうりゅうゆうたい,,,,,,,,1,,,,追加：四字熟語
1589,牛飲馬食,ぎゅういんばしょく,,,,,,,,1,,,,追加：四字熟語
1590,虚心坦懐,きょしんたんかい,,,,,,,,1,,,,追加：四字熟語
1591,清廉潔白,せいれんけっぱく,,,,,,,,1,,,,追加：四字熟語
1592,狂喜乱舞,きょうきらんぶ,,,,,,,,1,,,,追加：四字熟語
1593,強行突破,きょうこうとっぱ,,,,,,,,1,,,,追加：四字熟語
1594,教外別伝,きょうげべつでん,,,,,,,,1,,,,追加：四字熟語
1595,興味津々,きょうみしんしん,,,,,,,,1,,,,追加：四字熟語
1596,驚天動地,きょうてんどうち,,,,,,,,1,,,,追加：四字熟語
1597,金科玉条,きんかぎょくじょう,,,,,,,,1,,,,追加：四字熟語
1598,金城鉄壁,きんじょうてっぺき,,,,,,,,1,,,,追加：四字熟語
1599,空理空論,くうりくうろん,,,,,,,,1,,,,追加：四字熟語
1600,愚公移山,ぐこういざん,,,,,,,,1,,,,追加：四字熟語
1601,苦心惨憺,くしんさんたん,,,,,,,,1,,,,追加：四字熟語
1602,苦肉之策,くにくのさく,,,,,,,,1,,,,追加：四字熟語
1603,軽挙妄動,けいきょもうどう,,,,,,,,1,,,,追加：四字熟語
1604,経世済民,けいせいさいみん,,,,,,,,1,,,,追加：四字熟語
1605,鶏口牛後,けいこうぎゅうご,,,,,,,,1,,,,追加：四字熟語
1606,敬天愛人,けいてんあいじん,,,,,,,,1,,,,追加：四字熟語
1607,月下氷人,げっかひょうじん,,,,,,,,1,,,,追加：四字熟語
1608,捲土重来,けんどちょうらい,,,,,,,,1,,,,追加：四字熟語
1609,堅忍不抜,けんにんふばつ,,,,,,,,1,,,,追加：四字熟語
1610,牽強付会,けんきょうふかい,,,,,,,,1,,,,追加：四字熟語
1611,言語道断,ごんごどうだん,,,,,,,,1,,,,追加：四字熟語
1612,堅甲利兵,けんこうりへい,,,,,,,,1,,,,追加：四字熟語
1613,謙虚温厚,けんきょおんこう,,,,,,,,1,,,,追加：四字熟語
1614,元気溌剌,げんきはつらつ,,,,,,,,1,,,,追加：四字熟語
1615,光陰如箭,こういんじょせん,,,,,,,,1,,,,追加：四字熟語
1616,厚顔無恥,こうがんむち,,,,,,,,1,,,,追加：四字熟語
1617,巧言令色,こうげんれいしょく,,,,,,,,1,,,,追加：四字熟語
1618,公平無私,こうへいむし,,,,,,,,1,,,,追加：四字熟語
1619,孤軍奮闘,こぐんふんとう,,,,,,,,1,,,,追加：四字熟語
1620,虎視眈々,こしたんたん,,,,,,,,1,,,,追加：四字熟語
1621,再三再四,さいさんさいし,,,,,,,,1,,,,追加：四字熟語
1622,才子佳人,さいしかじん,,,,,,,,1,,,,追加：四字熟語
1623,採長補短,さいちょうほたん,,,,,,,,1,,,,追加：四字熟語
1624,山紫水明,さんしすいめい,,,,,,,,1,,,,追加：四字熟語
1625,残念無念,ざんねんむねん,,,,,,,,1,,,,追加：四字熟語
1626,自給自足,じきゅうじそく,,,,,,,,1,,,,追加：四字熟語
1627,自己矛盾,じこむじゅん,,,,,,,,1,,,,追加：四字熟語
1628,事実無根,じじつむこん,,,,,,,,1,,,,追加：四字熟語
1629,獅子奮迅,ししふんじん,,,,,,,,1,,,,追加：四字熟語
1630,枝葉末節,しようまっせつ,,,,,,,,1,,,,追加：四字熟語
1631,酒池肉林,しゅちにくりん,,,,,,,,1,,,,追加：四字熟語
1632,主客転倒,しゅかくてんとう,,,,,,,,1,,,,追加：四字熟語
1633,純真無垢,じゅんしんむく,,,,,,,,1,,,,追加：四字熟語
1634,笑止千万,しょうしせんばん,,,,,,,,1,,,,追加：四字熟語
1635,小心翼々,しょうしんよくよく,,,,,,,,1,,,,追加：四字熟語
1636,正真正銘,しょうしんしょうめい,,,,,,,,1,,,,追加：四字熟語
1637,生者必滅,しょうじゃひつめつ,,,,,,,,1,,,,追加：四字熟語
1638,盛者必衰,じょうしゃひっすい,,,,,,,,1,,,,追加：四字熟語
1639,諸行無常,しょぎょうむじょう,,,,,,,,1,,,,追加：四字熟語
1640,支離滅裂,しりめつれつ,,,,,,,,1,,,,追加：四字熟語
1641,神出鬼没,しんしゅつきぼつ,,,,,,,,1,,,,追加：四字熟語
1642,人跡未踏,じんせきみとう,,,,,,,,1,,,,追加：四字熟語
1643,人事不省,じんじふせい,,,,,,,,1,,,,追加：四字熟語
1644,人心一新,じんしんいっしん,,,,,,,,1,,,,追加：四字熟語
1645,水魚之交,すいぎょのまじわり,,,,,,,,1,,,,追加：四字熟語
1646,酔生夢死,すいせいむし,,,,,,,,1,,,,追加：四字熟語
1647,青天白日,せいてんはくじつ,,,,,,,,1,,,,追加：四字熟語
1648,青天霹靂,せいてんへきれき,,,,,,,,1,,,,追加：四字熟語
1649,生殺与奪,せいさつよだつ,,,,,,,,1,,,,追加：四字熟語
1650,前途多難,ぜんとたなん,,,,,,,,1,,,,追加：四字熟語
1651,前途洋々,ぜんとようよう,,,,,,,,1,,,,追加：四字熟語
1652,善男善女,ぜんなんぜんにょ,,,,,,,,1,,,,追加：四字熟語
1653,全身全霊,ぜんしんぜんれい,,,,,,,,1,,,,追加：四字熟語
1654,相思相愛,そうしそうあい,,,,,,,,1,,,,追加：四字熟語
1655,相即不離,そうそくふり,,,,,,,,1,,,,追加：四字熟語
1656,壮大無比,そうだいむひ,,,,,,,,1,,,,追加：四字熟語
1657,朝三暮四,ちょうさんぼし,,,,,,,,1,,,,追加：四字熟語
1658,沈思黙考,ちんしもっこう,,,,,,,,1,,,,追加：四字熟語
1659,津々浦々,つつうらうら,,,,,,,,1,,,,追加：四字熟語
1660,徹頭徹尾,てっとうてつび,,,,,,,,1,,,,追加：四字熟語
1661,天衣無縫,てんいむほう,,,,,,,,1,,,,追加：四字熟語
1662,天涯孤独,てんがいこどく,,,,,,,,1,,,,追加：四字熟語
1663,天下泰平,てんかたいへい,,,,,,,,1,,,,追加：四字熟語
1664,天真爛漫,てんしんらんまん,,,,,,,,1,,,,追加：四字熟語
1665,天変地異,てんぺんちい,,,,,,,,1,,,,追加：四字熟語
1666,同工異曲,どうこういきょく,,,,,,,,1,,,,追加：四字熟語
1667,同床異夢,どうしょういむ,,,,,,,,1,,,,追加：四字熟語
1668,独立独歩,どくりつどっぽ,,,,,,,,1,,,,追加：四字熟語
1669,南船北馬,なんせんほくば,,,,,,,,1,,,,追加：四字熟語
1670,難攻不落,なんこうふらく,,,,,,,,1,,,,追加：四字熟語
1671,八面玲瓏,はちめんれいろう,,,,,,,,1,,,,追加：四字熟語
1672,美辞麗句,びじれいく,,,,,,,,1,,,,追加：四字熟語
1673,風光明媚,ふうこうめいび,,,,,,,,1,,,,追加：四字熟語
1674,不撓不屈,ふとうふくつ,,,,,,,,1,,,,追加：四字熟語
1675,粉骨砕身,ふんこつさいしん,,,,,,,,1,,,,追加：四字熟語
1676,平穏無事,へいおんぶじ,,,,,,,,1,,,,追加：四字熟語
1677,傍若無人,ぼうじゃくぶじん,,,,,,,,1,,,,追加：四字熟語
1678,本末転倒,ほんまつてんとう,,,,,,,,1,,,,追加：四字熟語
1679,満身創痍,まんしんそうい,,,,,,,,1,,,,追加：四字熟語
1680,明朗闊達,めいろうかったつ,,,,,,,,1,,,,追加：四字熟語
1681,面目躍如,めんもくやくじょ,,,,,,,,1,,,,追加：四字熟語
1682,有言実行,ゆうげんじっこう,,,,,,,,1,,,,追加：四字熟語
1683,有名無実,ゆうめいむじつ,,,,,,,,1,,,,追加：四字熟語
1684,勇猛果敢,ゆうもうかかん,,,,,,,,1,,,,追加：四字熟語
1685,羊頭狗肉,ようとうくにく,,,,,,,,1,,,,追加：四字熟語
1686,余裕綽々,よゆうしゃくしゃく,,,,,,,,1,,,,追加：四字熟語
1687,落花流水,らっかりゅうすい,,,,,,,,1,,,,追加：四字熟語
1688,理路整然,りろせいぜん,,,,,,,,1,,,,追加：四字熟語
1689,和気藹々,わきあいあい,,,,,,,,1,,,,追加：四字熟語
1690,秋桜,こすもす,,,,,,,,,1,,,追加：難読漢字
1691,山茶花,さざんか,,,,,,,,,1,,,追加：難読漢字
1692,金木犀,きんもくせい,,,,,,,,,1,,,追加：難読漢字
1693,沈丁花,じんちょうげ,,,,,,,,,1,,,追加：難読漢字
1694,勿忘草,わすれなぐさ,,,,,,,,,1,,,追加：難読漢字
1695,合歓木,ねむのき,,,,,,,,,1,,,追加：難読漢字
1696,竜胆,りんどう,,,,,,,,,1,,,追加：難読漢字
1697,杜若,かきつばた,,,,,,,,,1,,,追加：難読漢字
1698,菖蒲,あやめ|しょうぶ,,,,,,,,,1,,,追加：難読漢字
1699,彼岸花,ひがんばな,,,,,,,,,1,,,追加：難読漢字
1700,撫子,なでしこ,,,,,,,,,1,,,追加：難読漢字
1701,桔梗,ききょう,,,,,,,,,1,,,追加：難読漢字
1702,芒,すすき,,,,,,,,,1,,,追加：難読漢字
1703,蓬,よもぎ,,,,,,,,,1,,,追加：難読漢字
1704,薺,なずな,,,,,,,,,1,,,追加：難読漢字
1705,芹,せり,,,,,,,,,1,,,追加：難読漢字
1706,蕨,わらび,,,,,,,,,1,,,追加：難読漢字
1707,薇,ぜんまい,,,,,,,,,1,,,追加：難読漢字
1708,菫,すみれ,,,,,,,,,1,,,追加：難読漢字
1709,椿,つばき,,,,,,,,,1,,,追加：難読漢字
1710,榎,えのき,,,,,,,,,1,,,追加：難読漢字
1711,欅,けやき,,,,,,,,,1,,,追加：難読漢字
1712,楓,かえで,,,,,,,,,1,,,追加：難読漢字
1713,柊,ひいらぎ,,,,,,,,,1,,,追加：難読漢字
1714,榊,さかき,,,,,,,,,1,,,追加：難読漢字
1715,樫,かし,,,,,,,,,1,,,追加：難読漢字
1716,檜,ひのき,,,,,,,,,1,,,追加：難読漢字
1717,杉,すぎ,,,,,,,,,1,,,追加：難読漢字
1718,松,まつ,,,,,,,,,1,,,追加：難読漢字
1719,柏,かしわ,,,,,,,,,1,,,追加：難読漢字
1720,梓,あずさ,,,,,,,,,1,,,追加：難読漢字
1721,楢,なら,,,,,,,,,1,,,追加：難読漢字
1722,樅,もみ,,,,,,,,,1,,,追加：難読漢字
1723,槐,えんじゅ,,,,,,,,,1,,,追加：難読漢字
1724,橘,たちばな,,,,,,,,,1,,,追加：難読漢字
1725,椛,もみじ,,,,,,,,,1,,,追加：難読漢字
1726,若布,わかめ,,,,,,,,,1,,,追加：難読漢字
1727,海苔,のり,,,,,,,,,1,,,追加：難読漢字
1728,昆布,こんぶ,,,,,,,,,1,,,追加：難読漢字
1729,木通,あけび,,,,,,,,,1,,,追加：難読漢字
1730,柘榴,ざくろ,,,,,,,,,1,,,追加：難読漢字
1731,蜜柑,みかん,,,,,,,,,1,,,追加：難読漢字
1732,枇杷,びわ,,,,,,,,,1,,,追加：難読漢字
1733,柚子,ゆず,,,,,,,,,1,,,追加：難読漢字
1734,柿,かき,,,,,,,,,1,,,追加：難読漢字
1735,栗,くり,,,,,,,,,1,,,追加：難読漢字
1736,李,すもも,,,,,,,,,1,,,追加：難読漢字
1737,杏,あんず,,,,,,,,,1,,,追加：難読漢字
1738,桃,もも,,,,,,,,,1,,,追加：難読漢字
1739,梨,なし,,,,,,,,,1,,,追加：難読漢字
1740,苺,いちご,,,,,,,,,1,,,追加：難読漢字
1741,胡桃,くるみ,,,,,,,,,1,,,追加：難読漢字
1742,銀杏,ぎんなん|いちょう,,,,,,,,,1,,,追加：難読漢字
1743,冬瓜,とうがん,,,,,,,,,1,,,追加：難読漢字
1744,蓮根,れんこん,,,,,,,,,1,,,追加：難読漢字
1745,茗荷,みょうが,,,,,,,,,1,,,追加：難読漢字
1746,辣韮,らっきょう,,,,,,,,,1,,,追加：難読漢字
1747,韮,にら,,,,,,,,,1,,,追加：難読漢字
1748,蕪,かぶ,,,,,,,,,1,,,追加：難読漢字
1749,蕎麦,そば,,,,,,,,,1,,,追加：難読漢字
1750,饂飩,うどん,,,,,,,,,1,,,追加：難読漢字
1751,蒟蒻,こんにゃく,,,,,,,,,1,,,追加：難読漢字
1752,湯葉,ゆば,,,,,,,,,1,,,追加：難読漢字
1753,団栗,どんぐり,,,,,,,,,1,,,追加：難読漢字
1754,杜鵑,ほととぎす,,,,,,,,,1,,,追加：難読漢字
1755,郭公,かっこう,,,,,,,,,1,,,追加：難読漢字
1756,鴎,かもめ,,,,,,,,,1,,,追加：難読漢字
1757,鵜,う,,,,,,,,,1,,,追加：難読漢字
1758,鶴,つる,,,,,,,,,1,,,追加：難読漢字
1759,鷹,たか,,,,,,,,,1,,,追加：難読漢字
1760,鷲,わし,,,,,,,,,1,,,追加：難読漢字
1761,鳶,とび,,,,,,,,,1,,,追加：難読漢字
1762,鴉,からす,,,,,,,,,1,,,追加：難読漢字
1763,孔雀,くじゃく,,,,,,,,,1,,,追加：難読漢字
1764,鴛鴦,おしどり,,,,,,,,,1,,,追加：難読漢字
1765,木菟,みみずく,,,,,,,,,1,,,追加：難読漢字
1766,鵞鳥,がちょう,,,,,,,,,1,,,追加：難読漢字
1767,鶏,にわとり,,,,,,,,,1,,,追加：難読漢字
1768,鶫,つぐみ,,,,,,,,,1,,,追加：難読漢字
1769,鶉,うずら,,,,,,,,,1,,,追加：難読漢字
1770,鴫,しぎ,,,,,,,,,1,,,追加：難読漢字
1771,鷺,さぎ,,,,,,,,,1,,,追加：難読漢字
1772,鸚鵡,おうむ,,,,,,,,,1,,,追加：難読漢字
1773,駝鳥,だちょう,,,,,,,,,1,,,追加：難読漢字
1774,海驢,あしか,,,,,,,,,1,,,追加：難読漢字
1775,海象,せいうち,,,,,,,,,1,,,追加：難読漢字
1776,羚羊,かもしか,,,,,,,,,1,,,追加：難読漢字
1777,鼬,いたち,,,,,,,,,1,,,追加：難読漢字
1778,狼,おおかみ,,,,,,,,,1,,,追加：難読漢字
1779,猪,いのしし,,,,,,,,,1,,,追加：難読漢字
1780,鹿,しか,,,,,,,,,1,,,追加：難読漢字
1781,熊,くま,,,,,,,,,1,,,追加：難読漢字
1782,猿,さる,,,,,,,,,1,,,追加：難読漢字
1783,鼠,ねずみ,,,,,,,,,1,,,追加：難読漢字
1784,羊,ひつじ,,,,,,,,,1,,,追加：難読漢字
1785,獺,かわうそ,,,,,,,,,1,,,追加：難読漢字
1786,鼈,すっぽん,,,,,,,,,1,,,追加：難読漢字
1787,蛇,へび,,,,,,,,,1,,,追加：難読漢字
1788,蜷,にな,,,,,,,,,1,,,追加：難読漢字
1789,蟇,ひきがえる,,,,,,,,,1,,,追加：難読漢字
1790,蛞蝓,なめくじ,,,,,,,,,1,,,追加：難読漢字
1791,蟷螂,かまきり,,,,,,,,,1,,,追加：難読漢字
1792,蜩,ひぐらし,,,,,,,,,1,,,追加：難読漢字
1793,蜉蝣,かげろう,,,,,,,,,1,,,追加：難読漢字
1794,蝉,せみ,,,,,,,,,1,,,追加：難読漢字
1795,螽斯,きりぎりす,,,,,,,,,1,,,追加：難読漢字
1796,飛蝗,ばった,,,,,,,,,1,,,追加：難読漢字
1797,蛍,ほたる,,,,,,,,,1,,,追加：難読漢字
1798,蝶,ちょう,,,,,,,,,1,,,追加：難読漢字
1799,蛾,が,,,,,,,,,1,,,追加：難読漢字
1800,蜂,はち,,,,,,,,,1,,,追加：難読漢字
1801,蚊,か,,,,,,,,,1,,,追加：難読漢字
1802,蝿,はえ,,,,,,,,,1,,,追加：難読漢字
1803,虻,あぶ,,,,,,,,,1,,,追加：難読漢字
1804,蚤,のみ,,,,,,,,,1,,,追加：難読漢字
1805,虱,しらみ,,,,,,,,,1,,,追加：難読漢字
1806,蜈蚣,むかで,,,,,,,,,1,,,追加：難読漢字
1807,蝦,えび,,,,,,,,,1,,,追加：難読漢字
1808,鮪,まぐろ,,,,,,,,,1,,,追加：難読漢字
1809,鰤,ぶり,,,,,,,,,1,,,追加：難読漢字
1810,鯵,あじ,,,,,,,,,1,,,追加：難読漢字
1811,鱈,たら,,,,,,,,,1,,,追加：難読漢字
1812,鮒,ふな,,,,,,,,,1,,,追加：難読漢字
1813,鱒,ます,,,,,,,,,1,,,追加：難読漢字
1814,鰈,かれい,,,,,,,,,1,,,追加：難読漢字
1815,鮃,ひらめ,,,,,,,,,1,,,追加：難読漢字
1816,鱸,すずき,,,,,,,,,1,,,追加：難読漢字
1817,鯰,なまず,,,,,,,,,1,,,追加：難読漢字
1818,鱧,はも,,,,,,,,,1,,,追加：難読漢字
1819,鯊,はぜ,,,,,,,,,1,,,追加：難読漢字
1820,鮫,さめ,,,,,,,,,1,,,追加：難読漢字
1821,鯱,しゃち,,,,,,,,,1,,,追加：難読漢字
1822,鰆,さわら,,,,,,,,,1,,,追加：難読漢字
1823,鰍,かじか,,,,,,,,,1,,,追加：難読漢字
1824,鮟鱇,あんこう,,,,,,,,,1,,,追加：難読漢字
1825,鰊,にしん,,,,,,,,,1,,,追加：難読漢字
1826,鱚,きす,,,,,,,,,1,,,追加：難読漢字
1827,鯣,するめ,,,,,,,,,1,,,追加：難読漢字
1828,鮑,あわび,,,,,,,,,1,,,追加：難読漢字
1829,栄螺,さざえ,,,,,,,,,1,,,追加：難読漢字
1830,蜆,しじみ,,,,,,,,,1,,,追加：難読漢字
1831,海胆,うに,,,,,,,,,1,,,追加：難読漢字
1832,雲丹,うに,,,,,,,,,1,,,追加：難読漢字
1833,欠伸,あくび,,,,,,,,,1,,,追加：難読漢字
1834,嚔,くしゃみ,,,,,,,,,1,,,追加：難読漢字
1835,嚏,くしゃみ,,,,,,,,,1,,,追加：難読漢字
1836,眩暈,めまい,,,,,,,,,1,,,追加：難読漢字
1837,火傷,やけど,,,,,,,,,1,,,追加：難読漢字
1838,風邪,かぜ,,,,,,,,,1,,,追加：難読漢字
1839,怪我,けが,,,,,,,,,1,,,追加：難読漢字
1840,痣,あざ,,,,,,,,,1,,,追加：難読漢字
1841,瘡蓋,かさぶた,,,,,,,,,1,,,追加：難読漢字
1842,踝,くるぶし,,,,,,,,,1,,,追加：難読漢字
1843,踵,かかと,,,,,,,,,1,,,追加：難読漢字
1844,膝,ひざ,,,,,,,,,1,,,追加：難読漢字
1845,肘,ひじ,,,,,,,,,1,,,追加：難読漢字
1846,顎,あご,,,,,,,,,1,,,追加：難読漢字
1847,喉,のど,,,,,,,,,1,,,追加：難読漢字
1848,脛,すね,,,,,,,,,1,,,追加：難読漢字
1849,腿,もも,,,,,,,,,1,,,追加：難読漢字
1850,額,ひたい,,,,,,,,,1,,,追加：難読漢字
1851,掌,てのひら,,,,,,,,,1,,,追加：難読漢字
1852,瞼,まぶた,,,,,,,,,1,,,追加：難読漢字
1853,睫,まつげ,,,,,,,,,1,,,追加：難読漢字
1854,頬,ほほ|ほお,,,,,,,,,1,,,追加：難読漢字
1855,項,うなじ,,,,,,,,,1,,,追加：難読漢字
1856,鳩尾,みぞおち,,,,,,,,,1,,,追加：難読漢字
1857,臍,へそ,,,,,,,,,1,,,追加：難読漢字
1858,腋,わき,,,,,,,,,1,,,追加：難読漢字
1859,脹脛,ふくらはぎ,,,,,,,,,1,,,追加：難読漢字
1860,踵骨,かかと,,,,,,,,,1,,,追加：難読漢字
1861,眉,まゆ,,,,,,,,,1,,,追加：難読漢字
1862,唇,くちびる,,,,,,,,,1,,,追加：難読漢字
1863,瞳,ひとみ,,,,,,,,,1,,,追加：難読漢字
1864,涙,なみだ,,,,,,,,,1,,,追加：難読漢字
1865,汗,あせ,,,,,,,,,1,,,追加：難読漢字
1866,欠片,かけら,,,,,,,,,1,,,追加：難読漢字
1867,悪戯,いたずら,,,,,,,,,1,,,追加：難読漢字
1868,悪寒,おかん,,,,,,,,,1,,,追加：難読漢字
1869,挨拶,あいさつ,,,,,,,,,1,,,追加：難読漢字
1870,曖昧,あいまい,,,,,,,,,1,,,追加：難読漢字
1871,案山子,かかし,,,,,,,,,1,,,追加：難読漢字
1872,生憎,あいにく,,,,,,,,,1,,,追加：難読漢字
1873,海士,あま,,,,,,,,,1,,,追加：難読漢字
1874,息吹,いぶき,,,,,,,,,1,,,追加：難読漢字
1875,許嫁,いいなずけ,,,,,,,,,1,,,追加：難読漢字
1876,徒,いたずら,,,,,,,,,1,,,追加：難読漢字
1877,従兄弟,いとこ,,,,,,,,,1,,,追加：難読漢字
1878,従姉妹,いとこ,,,,,,,,,1,,,追加：難読漢字
1879,従兄,いとこ|じゅうけい,,,,,,,,,1,,,追加：難読漢字
1880,従弟,いとこ|じゅうてい,,,,,,,,,1,,,追加：難読漢字
1881,従姉,いとこ|じゅうし,,,,,,,,,1,,,追加：難読漢字
1882,従妹,いとこ|じゅうまい,,,,,,,,,1,,,追加：難読漢字
1883,稲妻,いなずま,,,,,,,,,1,,,追加：難読漢字
1884,刺青,いれずみ,,,,,,,,,1,,,追加：難読漢字
1885,団扇,うちわ,,,,,,,,,1,,,追加：難読漢字
1886,独活,うど,,,,,,,,,1,,,追加：難読漢字
1887,空蝉,うつせみ,,,,,,,,,1,,,追加：難読漢字
1888,乳母,うば,,,,,,,,,1,,,追加：難読漢字
1889,浮気,うわき,,,,,,,,,1,,,追加：難読漢字
1890,噂,うわさ,,,,,,,,,1,,,追加：難読漢字
1891,笑窪,えくぼ,,,,,,,,,1,,,追加：難読漢字
1892,会釈,えしゃく,,,,,,,,,1,,,追加：難読漢字
1893,老舗,しにせ,,,,,,,,,1,,,追加：難読漢字
1894,十八番,おはこ,,,,,,,,,1,,,追加：難読漢字
1895,大凡,おおよそ,,,,,,,,,1,,,追加：難読漢字
1896,大袈裟,おおげさ,,,,,,,,,1,,,追加：難読漢字
1897,大晦日,おおみそか,,,,,,,,,1,,,追加：難読漢字
1898,可笑しい,おかしい,,,,,,,,,1,,,追加：難読漢字
1899,叔母,おば,,,,,,,,,1,,,追加：難読漢字
1900,伯母,おば,,,,,,,,,1,,,追加：難読漢字
1901,叔父,おじ,,,,,,,,,1,,,追加：難読漢字
1902,伯父,おじ,,,,,,,,,1,,,追加：難読漢字
1903,お神籤,おみくじ,,,,,,,,,1,,,追加：難読漢字
1904,御御籤,おみくじ,,,,,,,,,1,,,追加：難読漢字
1905,玩具,おもちゃ,,,,,,,,,1,,,追加：難読漢字
1906,母屋,おもや,,,,,,,,,1,,,追加：難読漢字
1907,陽炎,かげろう,,,,,,,,,1,,,追加：難読漢字
1908,河岸,かし,,,,,,,,,1,,,追加：難読漢字
1909,鍛冶,かじ,,,,,,,,,1,,,追加：難読漢字
1910,固唾,かたず,,,,,,,,,1,,,追加：難読漢字
1911,門出,かどで,,,,,,,,,1,,,追加：難読漢字
1912,金槌,かなづち,,,,,,,,,1,,,追加：難読漢字
1913,庇,ひさし,,,,,,,,,1,,,追加：難読漢字
1914,神楽,かぐら,,,,,,,,,1,,,追加：難読漢字
1915,硝子,がらす,,,,,,,,,1,,,追加：難読漢字
1916,瓦,かわら,,,,,,,,,1,,,追加：難読漢字
1917,川面,かわも,,,,,,,,,1,,,追加：難読漢字
1918,如月,きさらぎ,,,,,,,,,1,,,追加：難読漢字
1919,如雨露,じょうろ,,,,,,,,,1,,,追加：難読漢字
1920,煙管,きせる,,,,,,,,,1,,,追加：難読漢字
1921,昨夜,ゆうべ,,,,,,,,,1,,,追加：難読漢字
1922,木綿,もめん,,,,,,,,,1,,,追加：難読漢字
1923,果物,くだもの,,,,,,,,,1,,,追加：難読漢字
1924,今宵,こよい,,,,,,,,,1,,,追加：難読漢字
1925,細雪,ささめゆき,,,,,,,,,1,,,追加：難読漢字
1926,竹刀,しない,,,,,,,,,1,,,追加：難読漢字
1927,時化,しけ,,,,,,,,,1,,,追加：難読漢字
1928,仕草,しぐさ,,,,,,,,,1,,,追加：難読漢字
1929,東雲,しののめ,,,,,,,,,1,,,追加：難読漢字
1930,注連縄,しめなわ,,,,,,,,,1,,,追加：難読漢字
1931,師走,しわす,,,,,,,,,1,,,追加：難読漢字
1932,数珠,じゅず,,,,,,,,,1,,,追加：難読漢字
1933,白髪,しらが,,,,,,,,,1,,,追加：難読漢字
1934,白粉,おしろい,,,,,,,,,1,,,追加：難読漢字
1935,素面,しらふ,,,,,,,,,1,,,追加：難読漢字
1936,尻尾,しっぽ,,,,,,,,,1,,,追加：難読漢字
1937,砂利,じゃり,,,,,,,,,1,,,追加：難読漢字
1938,数寄屋,すきや,,,,,,,,,1,,,追加：難読漢字
1939,雀斑,そばかす,,,,,,,,,1,,,追加：難読漢字
1940,台詞,せりふ,,,,,,,,,1,,,追加：難読漢字
1941,草履,ぞうり,,,,,,,,,1,,,追加：難読漢字
1942,雑魚,ざこ,,,,,,,,,1,,,追加：難読漢字
1943,太刀,たち,,,,,,,,,1,,,追加：難読漢字
1944,雪洞,ぼんぼり,,,,,,,,,1,,,追加：難読漢字
1945,凸凹,でこぼこ,,,,,,,,,1,,,追加：難読漢字
1946,手水,ちょうず,,,,,,,,,1,,,追加：難読漢字
1947,天晴,あっぱれ,,,,,,,,,1,,,追加：難読漢字
1948,伝馬船,てんません,,,,,,,,,1,,,追加：難読漢字
1949,十六夜,いざよい,,,,,,,,,1,,,追加：難読漢字
1950,名残,なごり,,,,,,,,,1,,,追加：難読漢字
1951,名主,なぬし,,,,,,,,,1,,,追加：難読漢字
1952,日和,ひより,,,,,,,,,1,,,追加：難読漢字
1953,燕子花,かきつばた,,,,,,,,,1,,,追加：難読漢字
1954,長閑,のどか,,,,,,,,,1,,,追加：難読漢字
1955,祝詞,のりと,,,,,,,,,1,,,追加：難読漢字
1956,暖簾,のれん,,,,,,,,,1,,,追加：難読漢字
1957,狼煙,のろし,,,,,,,,,1,,,追加：難読漢字
1958,麦酒,びーる,,,,,,,,,1,,,追加：難読漢字
1959,莫大小,めりやす,,,,,,,,,1,,,追加：難読漢字
1960,羽織,はおり,,,,,,,,,1,,,追加：難読漢字
1961,法被,はっぴ,,,,,,,,,1,,,追加：難読漢字
1962,半纏,はんてん,,,,,,,,,1,,,追加：難読漢字
1963,日向,ひなた,,,,,,,,,1,,,追加：難読漢字
1964,日陰,ひかげ,,,,,,,,,1,,,追加：難読漢字
1965,雲脂,ふけ,,,,,,,,,1,,,追加：難読漢字
1966,文月,ふみづき,,,,,,,,,1,,,追加：難読漢字
1967,懐,ふところ,,,,,,,,,1,,,追加：難読漢字
1968,辺鄙,へんぴ,,,,,,,,,1,,,追加：難読漢字
1969,反故,ほご,,,,,,,,,1,,,追加：難読漢字
1970,火影,ほかげ,,,,,,,,,1,,,追加：難読漢字
1971,行方,ゆくえ,,,,,,,,,1,,,追加：難読漢字
1972,真面目,まじめ,,,,,,,,,1,,,追加：難読漢字
1973,勿体ない,もったいない,,,,,,,,,1,,,追加：難読漢字
1974,最寄り,もより,,,,,,,,,1,,,追加：難読漢字
1975,雪花菜,おから,,,,,,,,,1,,,追加：難読漢字
1976,蚊帳,かや,,,,,,,,,1,,,追加：難読漢字
1977,蒲団,ふとん,,,,,,,,,1,,,追加：難読漢字
1978,屏風,びょうぶ,,,,,,,,,1,,,追加：難読漢字
1979,行灯,あんどん,,,,,,,,,1,,,追加：難読漢字
1980,箪笥,たんす,,,,,,,,,1,,,追加：難読漢字
1981,厨子,ずし,,,,,,,,,1,,,追加：難読漢字
1982,為体,ていたらく,,,,,,,,,1,,,追加：難読漢字
1983,拙い,つたない,,,,,,,,,1,,,追加：難読漢字
1984,掌る,つかさどる,,,,,,,,,1,,,追加：難読漢字
1985,躊躇う,ためらう,,,,,,,,,1,,,追加：難読漢字
1986,漸く,ようやく,,,,,,,,,1,,,追加：難読漢字
1987,弁える,わきまえる,,,,,,,,,1,,,追加：難読漢字
1988,論う,あげつらう,,,,,,,,,1,,,追加：難読漢字
1989,慮る,おもんぱかる,,,,,,,,,1,,,追加：難読漢字
1990,遡る,さかのぼる,,,,,,,,,1,,,追加：難読漢字
1991,挫く,くじく,,,,,,,,,1,,,追加：難読漢字
1992,嗜む,たしなむ,,,,,,,,,1,,,追加：難読漢字
1993,纏う,まとう,,,,,,,,,1,,,追加：難読漢字
1994,寛ぐ,くつろぐ,,,,,,,,,1,,,追加：難読漢字
1995,嘲る,あざける,,,,,,,,,1,,,追加：難読漢字
1996,諦める,あきらめる,,,,,,,,,1,,,追加：難読漢字
1997,咎める,とがめる,,,,,,,,,1,,,追加：難読漢字
1998,蔑む,さげすむ,,,,,,,,,1,,,追加：難読漢字
1999,妬む,ねたむ,,,,,,,,,1,,,追加：難読漢字
2000,憧れる,あこがれる,,,,,,,,,1,,,追加：難読漢字
2001,労る,いたわる,,,,,,,,,1,,,追加：難読漢字
2002,労う,ねぎらう,,,,,,,,,1,,,追加：難読漢字
2003,儚い,はかない,,,,,,,,,1,,,追加：難読漢字
2004,逞しい,たくましい,,,,,,,,,1,,,追加：難読漢字
2005,麗しい,うるわしい,,,,,,,,,1,,,追加：難読漢字
2006,相応しい,ふさわしい,,,,,,,,,1,,,追加：難読漢字
2007,恭しい,うやうやしい,,,,,,,,,1,,,追加：難読漢字
2008,夥しい,おびただしい,,,,,,,,,1,,,追加：難読漢字
2009,煩わしい,わずらわしい,,,,,,,,,1,,,追加：難読漢字
2010,潔い,いさぎよい,,,,,,,,,1,,,追加：難読漢字
2011,悪逆非道,あくぎゃくひどう,,,,,,,,1,,,,追加：四字熟語
2012,悪事千里,あくじせんり,,,,,,,,1,,,,追加：四字熟語
2013,悪口罵詈,あっこうばり,,,,,,,,1,,,,追加：四字熟語
2014,阿諛追従,あゆついしょう,,,,,,,,1,,,,追加：四字熟語
2015,意気衝天,いきしょうてん,,,,,,,,1,,,,追加：四字熟語
2016,意気阻喪,いきそそう,,,,,,,,1,,,,追加：四字熟語
2017,意志薄弱,いしはくじゃく,,,,,,,,1,,,,追加：四字熟語
2018,異曲同工,いきょくどうこう,,,,,,,,1,,,,追加：四字熟語
2019,移花接木,いかせつぼく,,,,,,,,1,,,,追加：四字熟語
2020,遺憾千万,いかんせんばん,,,,,,,,1,,,,追加：四字熟語
2021,以夷制夷,いいせいい,,,,,,,,1,,,,追加：四字熟語
2022,異類婚姻,いるいこんいん,,,,,,,,1,,,,追加：四字熟語
2023,右顧左眄,うこさべん,,,,,,,,1,,,,追加：四字熟語
2024,雲外蒼天,うんがいそうてん,,,,,,,,1,,,,追加：四字熟語
2025,永字八法,えいじはっぽう,,,,,,,,1,,,,追加：四字熟語
2026,曳尾塗中,えいびとちゅう,,,,,,,,1,,,,追加：四字熟語
2027,慧可断臂,えかだんぴ,,,,,,,,1,,,,追加：四字熟語
2028,円転滑脱,えんてんかつだつ,,,,,,,,1,,,,追加：四字熟語
2029,汚名返上,おめいへんじょう,,,,,,,,1,,,,追加：四字熟語
2030,温柔敦厚,おんじゅうとんこう,,,,,,,,1,,,,追加：四字熟語
2031,快活明朗,かいかつめいろう,,,,,,,,1,,,,追加：四字熟語
2032,海千山千,うみせんやません,,,,,,,,1,,,,追加：四字熟語
2033,開口一番,かいこういちばん,,,,,,,,1,,,,追加：四字熟語
2034,開物成務,かいぶつせいむ,,,,,,,,1,,,,追加：四字熟語
2035,隔靴掻痒,かっかそうよう,,,,,,,,1,,,,追加：四字熟語
2036,確固不動,かっこふどう,,,,,,,,1,,,,追加：四字熟語
2037,活殺自在,かっさつじざい,,,,,,,,1,,,,追加：四字熟語
2038,花紅柳緑,かこうりゅうりょく,,,,,,,,1,,,,追加：四字熟語
2039,花鳥諷詠,かちょうふうえい,,,,,,,,1,,,,追加：四字熟語
2040,画蛇添足,がだてんそく,,,,,,,,1,,,,追加：四字熟語
2041,夏炉冬扇,かろとうせん,,,,,,,,1,,,,追加：四字熟語
2042,閑雲野鶴,かんうんやかく,,,,,,,,1,,,,追加：四字熟語
2043,換骨奪胎,かんこつだったい,,,,,,,,1,,,,追加：四字熟語
2044,頑固一徹,がんこいってつ,,,,,,,,1,,,,追加：四字熟語
2045,眼光紙背,がんこうしはい,,,,,,,,1,,,,追加：四字熟語
2046,含沙射影,がんしゃせきえい,,,,,,,,1,,,,追加：四字熟語
2047,気韻生動,きいんせいどう,,,,,,,,1,,,,追加：四字熟語
2048,奇奇怪怪,ききかいかい,,,,,,,,1,,,,追加：四字熟語
2049,起居動作,ききょどうさ,,,,,,,,1,,,,追加：四字熟語
2050,気骨稜稜,きこつりょうりょう,,,,,,,,1,,,,追加：四字熟語
2051,機略縦横,きりゃくじゅうおう,,,,,,,,1,,,,追加：四字熟語
2052,挙棋不定,きょきふてい,,,,,,,,1,,,,追加：四字熟語
2053,曲学阿世,きょくがくあせい,,,,,,,,1,,,,追加：四字熟語
2054,極楽往生,ごくらくおうじょう,,,,,,,,1,,,,追加：四字熟語
2055,虚虚実実,きょきょじつじつ,,,,,,,,1,,,,追加：四字熟語
2056,欣喜雀躍,きんきじゃくやく,,,,,,,,1,,,,追加：四字熟語
2057,謹厳実直,きんげんじっちょく,,,,,,,,1,,,,追加：四字熟語
2058,空谷跫音,くうこくきょうおん,,,,,,,,1,,,,追加：四字熟語
2059,愚者一得,ぐしゃいっとく,,,,,,,,1,,,,追加：四字熟語
2060,君子三楽,くんしさんらく,,,,,,,,1,,,,追加：四字熟語
2061,軽妙洒脱,けいみょうしゃだつ,,,,,,,,1,,,,追加：四字熟語
2062,鯨飲馬食,げいいんばしょく,,,,,,,,1,,,,追加：四字熟語
2063,傾城傾国,けいせいけいこく,,,,,,,,1,,,,追加：四字熟語
2064,牽衣頓足,けんいとんそく,,,,,,,,1,,,,追加：四字熟語
2065,言行一致,げんこういっち,,,,,,,,1,,,,追加：四字熟語
2066,言文一致,げんぶんいっち,,,,,,,,1,,,,追加：四字熟語
2067,古色蒼然,こしょくそうぜん,,,,,,,,1,,,,追加：四字熟語
2068,鼓腹撃壌,こふくげきじょう,,,,,,,,1,,,,追加：四字熟語
2069,孤立無援,こりつむえん,,,,,,,,1,,,,追加：四字熟語
2070,才気煥発,さいきかんぱつ,,,,,,,,1,,,,追加：四字熟語
2071,才気縦横,さいきじゅうおう,,,,,,,,1,,,,追加：四字熟語
2072,三顧之礼,さんこのれい,,,,,,,,1,,,,追加：四字熟語
2073,山高水長,さんこうすいちょう,,,,,,,,1,,,,追加：四字熟語
2074,三綱五常,さんこうごじょう,,,,,,,,1,,,,追加：四字熟語
2075,三令五申,さんれいごしん,,,,,,,,1,,,,追加：四字熟語
2076,自家撞着,じかどうちゃく,,,,,,,,1,,,,追加：四字熟語
2077,色即是空,しきそくぜくう,,,,,,,,1,,,,追加：四字熟語
2078,時期尚早,じきしょうそう,,,,,,,,1,,,,追加：四字熟語
2079,時代錯誤,じだいさくご,,,,,,,,1,,,,追加：四字熟語
2080,七珍万宝,しっちんまんぽう,,,,,,,,1,,,,追加：四字熟語
2081,叱咤激励,しったげきれい,,,,,,,,1,,,,追加：四字熟語
2082,疾風迅雷,しっぷうじんらい,,,,,,,,1,,,,追加：四字熟語
2083,十全十美,じゅうぜんじゅうび,,,,,,,,1,,,,追加：四字熟語
2084,自由闊達,じゆうかったつ,,,,,,,,1,,,,追加：四字熟語
2085,生老病死,しょうろうびょうし,,,,,,,,1,,,,追加：四字熟語
2086,自暴自棄,じぼうじき,,,,,,,,1,,,,追加：四字熟語
2087,社交辞令,しゃこうじれい,,,,,,,,1,,,,追加：四字熟語
2088,遮二無二,しゃにむに,,,,,,,,1,,,,追加：四字熟語
2089,寂滅為楽,じゃくめついらく,,,,,,,,1,,,,追加：四字熟語
2090,衆議一決,しゅうぎいっけつ,,,,,,,,1,,,,追加：四字熟語
2091,集散離合,しゅうさんりごう,,,,,,,,1,,,,追加：四字熟語
2092,縦横無礙,じゅうおうむげ,,,,,,,,1,,,,追加：四字熟語
2093,春夏秋冬,しゅんかしゅうとう,,,,,,,,1,,,,追加：四字熟語
2094,上下左右,じょうげさゆう,,,,,,,,1,,,,追加：四字熟語
2095,情緒纏綿,じょうしょてんめん,,,,,,,,1,,,,追加：四字熟語
2096,生々流転,せいせいるてん,,,,,,,,1,,,,追加：四字熟語
2097,精励恪勤,せいれいかっきん,,,,,,,,1,,,,追加：四字熟語
2098,責任転嫁,せきにんてんか,,,,,,,,1,,,,追加：四字熟語
2099,浅学非才,せんがくひさい,,,,,,,,1,,,,追加：四字熟語
2100,先見之明,せんけんのめい,,,,,,,,1,,,,追加：四字熟語
2101,千古不易,せんこふえき,,,,,,,,1,,,,追加：四字熟語
2102,戦々恐々,せんせんきょうきょう,,,,,,,,1,,,,追加：四字熟語
2103,千篇一律,せんぺんいちりつ,,,,,,,,1,,,,追加：四字熟語
2104,粗衣粗食,そいそしょく,,,,,,,,1,,,,追加：四字熟語
2105,大義名分,たいぎめいぶん,,,,,,,,1,,,,追加：四字熟語
2106,大同団結,だいどうだんけつ,,,,,,,,1,,,,追加：四字熟語
2107,泰然自若,たいぜんじじゃく,,,,,,,,1,,,,追加：四字熟語
2108,大胆不敵,だいたんふてき,,,,,,,,1,,,,追加：四字熟語
2109,大言壮語,たいげんそうご,,,,,,,,1,,,,追加：四字熟語
2110,多岐亡羊,たきぼうよう,,,,,,,,1,,,,追加：四字熟語
2111,多士済々,たしせいせい,,,,,,,,1,,,,追加：四字熟語
2112,断簡零墨,だんかんれいぼく,,,,,,,,1,,,,追加：四字熟語
2113,知行合一,ちこうごういつ,,,,,,,,1,,,,追加：四字熟語
2114,中途半端,ちゅうとはんぱ,,,,,,,,1,,,,追加：四字熟語
2115,忠勇義烈,ちゅうゆうぎれつ,,,,,,,,1,,,,追加：四字熟語
2116,猪突猛進,ちょとつもうしん,,,,,,,,1,,,,追加：四字熟語
2117,痛快無比,つうかいむひ,,,,,,,,1,,,,追加：四字熟語
2118,低徊趣味,ていかいしゅみ,,,,,,,,1,,,,追加：四字熟語
2119,鉄心石腸,てっしんせきちょう,,,,,,,,1,,,,追加：四字熟語
2120,天地神明,てんちしんめい,,,,,,,,1,,,,追加：四字熟語
2121,当意即妙,とういそくみょう,,,,,,,,1,,,,追加：四字熟語
2122,東西南北,とうざいなんぼく,,,,,,,,1,,,,追加：四字熟語
2123,当代随一,とうだいずいいち,,,,,,,,1,,,,追加：四字熟語
2124,得意満面,とくいまんめん,,,,,,,,1,,,,追加：四字熟語
2125,読書三昧,どくしょざんまい,,,,,,,,1,,,,追加：四字熟語
2126,独断専行,どくだんせんこう,,,,,,,,1,,,,追加：四字熟語
2127,独立不羈,どくりつふき,,,,,,,,1,,,,追加：四字熟語
2128,内憂外患,ないゆうがいかん,,,,,,,,1,,,,追加：四字熟語
2129,南無三宝,なむさんぼう,,,,,,,,1,,,,追加：四字熟語
2130,日常茶飯,にちじょうさはん,,,,,,,,1,,,,追加：四字熟語
2131,如実知見,にょじつちけん,,,,,,,,1,,,,追加：四字熟語
2132,拈華微笑,ねんげみしょう,,,,,,,,1,,,,追加：四字熟語
2133,波瀾万丈,はらんばんじょう,,,,,,,,1,,,,追加：四字熟語
2134,半醒半睡,はんせいはんすい,,,,,,,,1,,,,追加：四字熟語
2135,飛花落葉,ひからくよう,,,,,,,,1,,,,追加：四字熟語
2136,被害妄想,ひがいもうそう,,,,,,,,1,,,,追加：四字熟語
2137,悲喜交々,ひきこもごも,,,,,,,,1,,,,追加：四字熟語
2138,美人薄命,びじんはくめい,,,,,,,,1,,,,追加：四字熟語
2139,飛耳長目,ひじちょうもく,,,,,,,,1,,,,追加：四字熟語
2140,皮相浅薄,ひそうせんぱく,,,,,,,,1,,,,追加：四字熟語
2141,風林火山,ふうりんかざん,,,,,,,,1,,,,追加：四字熟語
2142,不協和音,ふきょうわおん,,,,,,,,1,,,,追加：四字熟語
2143,付和雷同,ふわらいどう,,,,,,,,1,,,,追加：四字熟語
2144,物情騒然,ぶつじょうそうぜん,,,,,,,,1,,,,追加：四字熟語
2145,不偏不党,ふへんふとう,,,,,,,,1,,,,追加：四字熟語
2146,不老不死,ふろうふし,,,,,,,,1,,,,追加：四字熟語
2147,平身低頭,へいしんていとう,,,,,,,,1,,,,追加：四字熟語
2148,変幻自在,へんげんじざい,,,,,,,,1,,,,追加：四字熟語
2149,報恩謝徳,ほうおんしゃとく,,,,,,,,1,,,,追加：四字熟語
2150,放歌高吟,ほうかこうぎん,,,,,,,,1,,,,追加：四字熟語
2151,豊年満作,ほうねんまんさく,,,,,,,,1,,,,追加：四字熟語
2152,茫然自失,ぼうぜんじしつ,,,,,,,,1,,,,追加：四字熟語
2153,抱腹絶倒,ほうふくぜっとう,,,,,,,,1,,,,追加：四字熟語
2154,幕天席地,ばくてんせきち,,,,,,,,1,,,,追加：四字熟語
2155,麻姑掻痒,まこそうよう,,,,,,,,1,,,,追加：四字熟語
2156,磨穿鉄硯,ませんてっけん,,,,,,,,1,,,,追加：四字熟語
2157,無芸大食,むげいたいしょく,,,,,,,,1,,,,追加：四字熟語
2158,無念無想,むねんむそう,,,,,,,,1,,,,追加：四字熟語
2159,名詮自性,みょうせんじしょう,,,,,,,,1,,,,追加：四字熟語
2160,明哲保身,めいてつほしん,,,,,,,,1,,,,追加：四字熟語
2161,面従腹背,めんじゅうふくはい,,,,,,,,1,,,,追加：四字熟語
2162,妄言多謝,もうげんたしゃ,,,,,,,,1,,,,追加：四字熟語
2163,勇往邁進,ゆうおうまいしん,,,,,,,,1,,,,追加：四字熟語
2164,有象無象,うぞうむぞう,,,,,,,,1,,,,追加：四字熟語
2165,有職故実,ゆうそくこじつ,,,,,,,,1,,,,追加：四字熟語
2166,悠悠自適,ゆうゆうじてき,,,,,,,,1,,,,追加：四字熟語
2167,容貌魁偉,ようぼうかいい,,,,,,,,1,,,,追加：四字熟語
2168,余韻嫋嫋,よいんじょうじょう,,,,,,,,1,,,,追加：四字熟語
2169,利害得失,りがいとくしつ,,,,,,,,1,,,,追加：四字熟語
2170,立身出世,りっしんしゅっせ,,,,,,,,1,,,,追加：四字熟語
2171,良妻賢母,りょうさいけんぼ,,,,,,,,1,,,,追加：四字熟語
2172,良知良能,りょうちりょうのう,,,,,,,,1,,,,追加：四字熟語
2173,理非曲直,りひきょくちょく,,,,,,,,1,,,,追加：四字熟語
2174,流言飛語,りゅうげんひご,,,,,,,,1,,,,追加：四字熟語
2175,輪廻転生,りんねてんしょう|りんねてんせい,,,,,,,,1,,,,追加：四字熟語
2176,魑魅魍魎,ちみもうりょう,,,,,,,,1,,,,追加：四字熟語
2177,冷汗三斗,れいかんさんと,,,,,,,,1,,,,追加：四字熟語
2178,冷静沈着,れいせいちんちゃく,,,,,,,,1,,,,追加：四字熟語
2179,連戦連勝,れんせんれんしょう,,,,,,,,1,,,,追加：四字熟語
2180,老若男女,ろうにゃくなんにょ,,,,,,,,1,,,,追加：四字熟語
2181,和光同塵,わこうどうじん,,,,,,,,1,,,,追加：四字熟語
2182,和魂洋才,わこんようさい,,,,,,,,1,,,,追加：四字熟語
2183,商売繁盛,しょうばいはんじょう,,,,,,,,1,,,,追加：四字熟語
2184,心願成就,しんがんじょうじゅ,,,,,,,,1,,,,追加：四字熟語
2185,大願成就,たいがんじょうじゅ,,,,,,,,1,,,,追加：四字熟語
2186,開運招福,かいうんしょうふく,,,,,,,,1,,,,追加：四字熟語
2187,招福万来,しょうふくばんらい,,,,,,,,1,,,,追加：四字熟語
2188,学業成就,がくぎょうじょうじゅ,,,,,,,,1,,,,追加：四字熟語
2189,合格祈願,ごうかくきがん,,,,,,,,1,,,,追加：四字熟語
2190,身体健全,しんたいけんぜん,,,,,,,,1,,,,追加：四字熟語
2191,長寿延命,ちょうじゅえんめい,,,,,,,,1,,,,追加：四字熟語
2192,延命長寿,えんめいちょうじゅ,,,,,,,,1,,,,追加：四字熟語
2193,子孫繁栄,しそんはんえい,,,,,,,,1,,,,追加：四字熟語
2194,子孫繁昌,しそんはんじょう,,,,,,,,1,,,,追加：四字熟語
2195,夫婦円満,ふうふえんまん,,,,,,,,1,,,,追加：四字熟語
2196,財運招福,ざいうんしょうふく,,,,,,,,1,,,,追加：四字熟語
2197,金運上昇,きんうんじょうしょう,,,,,,,,1,,,,追加：四字熟語
2198,交通安全,こうつうあんぜん,,,,,,,,1,,,,追加：四字熟語
2199,安全第一,あんぜんだいいち,,,,,,,,1,,,,追加：四字熟語
2200,世界平和,せかいへいわ,,,,,,,,1,,,,追加：四字熟語
2201,小鳥遊,たかなし,,,,,,,,,1,,,追加：難読漢字
2202,四月一日,わたぬき,,,,,,,,,1,,,追加：難読漢字
2203,月見里,やまなし,,,,,,,,,1,,,追加：難読漢字
2204,八月一日,ほづみ,,,,,,,,,1,,,追加：難読漢字
2205,五月七日,つゆり,,,,,,,,,1,,,追加：難読漢字
2206,春夏冬,あきない,,,,,,,,,1,,,追加：難読漢字
2207,九十九,つくも,,,,,,,,,1,,,追加：難読漢字
2208,百々,どど,,,,,,,,,1,,,追加：難読漢字
2209,東海林,しょうじ,,,,,,,,,1,,,追加：難読漢字
2210,御手洗,みたらい,,,,,,,,,1,,,追加：難読漢字
2211,勅使河原,てしがわら,,,,,,,,,1,,,追加：難読漢字
2212,服部,はっとり,,,,,,,,,1,,,追加：難読漢字
2213,物部,もののべ,,,,,,,,,1,,,追加：難読漢字
2214,斑鳩,いかるが,,,,,,,,,1,,,追加：難読漢字
2215,百目鬼,どうめき,,,,,,,,,1,,,追加：難読漢字
2216,鬼頭,きとう,,,,,,,,,1,,,追加：難読漢字
2217,薬袋,みない,,,,,,,,,1,,,追加：難読漢字
2218,纐纈,こうけつ,,,,,,,,,1,,,追加：難読漢字
2219,勘解由小路,かでのこうじ,,,,,,,,,1,,,追加：難読漢字
2220,雲母,きらら,,,,,,,,,1,,,追加：難読漢字
2221,日下,くさか,,,,,,,,,1,,,追加：難読漢字
2222,倶知安,くっちゃん,,,,,,,,,1,,,追加：難読漢字
2223,長万部,おしゃまんべ,,,,,,,,,1,,,追加：難読漢字
2224,留辺蘂,るべしべ,,,,,,,,,1,,,追加：難読漢字
2225,弟子屈,てしかが,,,,,,,,,1,,,追加：難読漢字
2226,音威子府,おといねっぷ,,,,,,,,,1,,,追加：難読漢字
2227,占冠,しむかっぷ,,,,,,,,,1,,,追加：難読漢字
2228,幌加内,ほろかない,,,,,,,,,1,,,追加：難読漢字
2229,足寄,あしょろ,,,,,,,,,1,,,追加：難読漢字
2230,厚岸,あっけし,,,,,,,,,1,,,追加：難読漢字
2231,標茶,しべちゃ,,,,,,,,,1,,,追加：難読漢字
2232,釧路,くしろ,,,,,,,,,1,,,追加：難読漢字
2233,留萌,るもい,,,,,,,,,1,,,追加：難読漢字
2234,稚内,わっかない,,,,,,,,,1,,,追加：難読漢字
2235,苫小牧,とまこまい,,,,,,,,,1,,,追加：難読漢字
2236,室蘭,むろらん,,,,,,,,,1,,,追加：難読漢字
2237,根室,ねむろ,,,,,,,,,1,,,追加：難読漢字
2238,函館,はこだて,,,,,,,,,1,,,追加：難読漢字
2239,小樽,おたる,,,,,,,,,1,,,追加：難読漢字
2240,美唄,びばい,,,,,,,,,1,,,追加：難読漢字
2241,放出,はなてん,,,,,,,,,1,,,追加：難読漢字
2242,十三,じゅうそう,,,,,,,,,1,,,追加：難読漢字
2243,喜連瓜破,きれうりわり,,,,,,,,,1,,,追加：難読漢字
2244,立売堀,いたちぼり,,,,,,,,,1,,,追加：難読漢字
2245,我孫子,あびこ,,,,,,,,,1,,,追加：難読漢字
2246,交野,かたの,,,,,,,,,1,,,追加：難読漢字
2247,箕面,みのお,,,,,,,,,1,,,追加：難読漢字
2248,四條畷,しじょうなわて,,,,,,,,,1,,,追加：難読漢字
2249,門真,かどま,,,,,,,,,1,,,追加：難読漢字
2250,生野,いくの,,,,,,,,,1,,,追加：難読漢字
2251,浪速,なにわ,,,,,,,,,1,,,追加：難読漢字
2252,此花,このはな,,,,,,,,,1,,,追加：難読漢字
2253,住道,すみのどう,,,,,,,,,1,,,追加：難読漢字
2254,柏原,かしわら,,,,,,,,,1,,,追加：難読漢字
2255,河内長野,かわちながの,,,,,,,,,1,,,追加：難読漢字
2256,新発田,しばた,,,,,,,,,1,,,追加：難読漢字
2257,糸魚川,いといがわ,,,,,,,,,1,,,追加：難読漢字
2258,安曇野,あづみの,,,,,,,,,1,,,追加：難読漢字
2259,各務原,かかみがはら,,,,,,,,,1,,,追加：難読漢字
2260,養老,ようろう,,,,,,,,,1,,,追加：難読漢字
2261,御嵩,みたけ,,,,,,,,,1,,,追加：難読漢字
2262,瑞浪,みずなみ,,,,,,,,,1,,,追加：難読漢字
2263,蒲郡,がまごおり,,,,,,,,,1,,,追加：難読漢字
2264,知立,ちりゅう,,,,,,,,,1,,,追加：難読漢字
2265,常滑,とこなめ,,,,,,,,,1,,,追加：難読漢字
2266,碧南,へきなん,,,,,,,,,1,,,追加：難読漢字
2267,長久手,ながくて,,,,,,,,,1,,,追加：難読漢字
2268,員弁,いなべ,,,,,,,,,1,,,追加：難読漢字
2269,京田辺,きょうたなべ,,,,,,,,,1,,,追加：難読漢字
2270,木津川,きづがわ,,,,,,,,,1,,,追加：難読漢字
2271,御所,ごせ,,,,,,,,,1,,,追加：難読漢字
2272,五條,ごじょう,,,,,,,,,1,,,追加：難読漢字
2273,御坊,ごぼう,,,,,,,,,1,,,追加：難読漢字
2274,有田,ありだ,,,,,,,,,1,,,追加：難読漢字
2275,美作,みまさか,,,,,,,,,1,,,追加：難読漢字
2276,総社,そうじゃ,,,,,,,,,1,,,追加：難読漢字
2277,備前,びぜん,,,,,,,,,1,,,追加：難読漢字
2278,三次,みよし,,,,,,,,,1,,,追加：難読漢字
2279,廿日市,はつかいち,,,,,,,,,1,,,追加：難読漢字
2280,防府,ほうふ,,,,,,,,,1,,,追加：難読漢字
2281,下松,くだまつ,,,,,,,,,1,,,追加：難読漢字
2282,宿毛,すくも,,,,,,,,,1,,,追加：難読漢字
2283,四万十,しまんと,,,,,,,,,1,,,追加：難読漢字
2284,宗像,むなかた,,,,,,,,,1,,,追加：難読漢字
2285,直方,のおがた,,,,,,,,,1,,,追加：難読漢字
2286,行橋,ゆくはし,,,,,,,,,1,,,追加：難読漢字
2287,日田,ひた,,,,,,,,,1,,,追加：難読漢字
2288,臼杵,うすき,,,,,,,,,1,,,追加：難読漢字
2289,杵築,きつき,,,,,,,,,1,,,追加：難読漢字
2290,人吉,ひとよし,,,,,,,,,1,,,追加：難読漢字
2291,水俣,みなまた,,,,,,,,,1,,,追加：難読漢字
2292,指宿,いぶすき,,,,,,,,,1,,,追加：難読漢字
2293,曽於,そお,,,,,,,,,1,,,追加：難読漢字
2294,薩摩川内,さつませんだい,,,,,,,,,1,,,追加：難読漢字
2295,奄美,あまみ,,,,,,,,,1,,,追加：難読漢字
2296,宜野湾,ぎのわん,,,,,,,,,1,,,追加：難読漢字
2297,糸満,いとまん,,,,,,,,,1,,,追加：難読漢字
2298,石垣,いしがき,,,,,,,,,1,,,追加：難読漢字
2299,今帰仁,なきじん,,,,,,,,,1,,,追加：難読漢字
2300,南風原,はえばる,,,,,,,,,1,,,追加：難読漢字
2301,読谷,よみたん,,,,,,,,,1,,,追加：難読漢字
2302,西表,いりおもて,,,,,,,,,1,,,追加：難読漢字
2303,竹富,たけとみ,,,,,,,,,1,,,追加：難読漢字
2304,与那国,よなぐに,,,,,,,,,1,,,追加：難読漢字
2305,端折る,はしょる,,,,,,,,,1,,,追加：難読漢字
2306,捗る,はかどる,,,,,,,,,1,,,追加：難読漢字
2307,弄る,いじる,,,,,,,,,1,,,追加：難読漢字
2308,翻す,ひるがえす,,,,,,,,,1,,,追加：難読漢字
2309,啄む,ついばむ,,,,,,,,,1,,,追加：難読漢字
2310,拵える,こしらえる,,,,,,,,,1,,,追加：難読漢字
2311,拗ねる,すねる,,,,,,,,,1,,,追加：難読漢字
2312,蹲る,うずくまる,,,,,,,,,1,,,追加：難読漢字
2313,躓く,つまずく,,,,,,,,,1,,,追加：難読漢字
2314,躓き,つまずき,,,,,,,,,1,,,追加：難読漢字
2315,穿つ,うがつ,,,,,,,,,1,,,追加：難読漢字
2316,象る,かたどる,,,,,,,,,1,,,追加：難読漢字
2317,擽る,くすぐる,,,,,,,,,1,,,追加：難読漢字
2318,謗る,そしる,,,,,,,,,1,,,追加：難読漢字
2319,毟る,むしる,,,,,,,,,1,,,追加：難読漢字
2320,滾る,たぎる,,,,,,,,,1,,,追加：難読漢字
2321,漲る,みなぎる,,,,,,,,,1,,,追加：難読漢字
2322,煌めく,きらめく,,,,,,,,,1,,,追加：難読漢字
2323,瞬く,またたく,,,,,,,,,1,,,追加：難読漢字
2324,閃く,ひらめく,,,,,,,,,1,,,追加：難読漢字
2325,跪く,ひざまずく,,,,,,,,,1,,,追加：難読漢字
2326,傅く,かしずく,,,,,,,,,1,,,追加：難読漢字
2327,跋扈,ばっこ,,,,,,,,,1,,,追加：難読漢字
2328,慇懃,いんぎん,,,,,,,,,1,,,追加：難読漢字
2329,慇懃無礼,いんぎんぶれい,,,,,,,,,1,,,追加：難読漢字
2330,忖度,そんたく,,,,,,,,,1,,,追加：難読漢字
2331,贔屓,ひいき,,,,,,,,,1,,,追加：難読漢字
2332,憔悴,しょうすい,,,,,,,,,1,,,追加：難読漢字
2333,憤懣,ふんまん,,,,,,,,,1,,,追加：難読漢字
2334,燦然,さんぜん,,,,,,,,,1,,,追加：難読漢字
2335,鬱陶しい,うっとうしい,,,,,,,,,1,,,追加：難読漢字
2336,鬱蒼,うっそう,,,,,,,,,1,,,追加：難読漢字
2337,憚る,はばかる,,,,,,,,,1,,,追加：難読漢字
2338,畏まる,かしこまる,,,,,,,,,1,,,追加：難読漢字
2339,恍惚,こうこつ,,,,,,,,,1,,,追加：難読漢字
2340,朦朧,もうろう,,,,,,,,,1,,,追加：難読漢字
2341,洒落,しゃれ,,,,,,,,,1,,,追加：難読漢字
2342,洒脱,しゃだつ,,,,,,,,,1,,,追加：難読漢字
2343,洒落臭い,しゃらくさい,,,,,,,,,1,,,追加：難読漢字
2344,些細,ささい,,,,,,,,,1,,,追加：難読漢字
2345,拙速,せっそく,,,,,,,,,1,,,追加：難読漢字
2346,脆弱,ぜいじゃく,,,,,,,,,1,,,追加：難読漢字
2347,堅牢,けんろう,,,,,,,,,1,,,追加：難読漢字
2348,廉価,れんか,,,,,,,,,1,,,追加：難読漢字
2349,斡旋,あっせん,,,,,,,,,1,,,追加：難読漢字
2350,彷徨う,さまよう,,,,,,,,,1,,,追加：難読漢字
2351,彷徨,ほうこう,,,,,,,,,1,,,追加：難読漢字
2352,彷彿,ほうふつ,,,,,,,,,1,,,追加：難読漢字
2353,逡巡,しゅんじゅん,,,,,,,,,1,,,追加：難読漢字
2354,邂逅,かいこう,,,,,,,,,1,,,追加：難読漢字
2355,邁進,まいしん,,,,,,,,,1,,,追加：難読漢字
2356,躊躇,ちゅうちょ,,,,,,,,,1,,,追加：難読漢字
2357,逍遥,しょうよう,,,,,,,,,1,,,追加：難読漢字
2358,絢爛,けんらん,,,,,,,,,1,,,追加：難読漢字
2359,豪奢,ごうしゃ,,,,,,,,,1,,,追加：難読漢字
2360,閑寂,かんじゃく,,,,,,,,,1,,,追加：難読漢字
2361,静謐,せいひつ,,,,,,,,,1,,,追加：難読漢字
2362,厳粛,げんしゅく,,,,,,,,,1,,,追加：難読漢字
2363,荘厳,そうごん,,,,,,,,,1,,,追加：難読漢字
2364,憂鬱,ゆううつ,,,,,,,,,1,,,追加：難読漢字
2365,啓蟄,けいちつ,,,,,,,,,1,,,追加：難読漢字
2366,霜降,そうこう,,,,,,,,,1,,,追加：難読漢字
2367,小雪,しょうせつ,,,,,,,,,1,,,追加：難読漢字
2368,大雪,たいせつ,,,,,,,,,1,,,追加：難読漢字
2369,雨水,うすい,,,,,,,,,1,,,追加：難読漢字
2370,穀雨,こくう,,,,,,,,,1,,,追加：難読漢字
2371,芒種,ぼうしゅ,,,,,,,,,1,,,追加：難読漢字
2372,白露,はくろ,,,,,,,,,1,,,追加：難読漢字
2373,寒露,かんろ,,,,,,,,,1,,,追加：難読漢字
2374,前世,そのせつ,,,,,,,,,,,1,ファントムシータ
2375,曼陀羅華,だちゅら,,,,,,,,,,,1,ファントムシータ
2376,人身蛇尾,じんしんだび,,,,,,,,,,,1,ファントムシータ
2377,幻視,びじょん,,,,,,,,,,,1,ファントムシータ
2378,縁起でもない娘,しにすたー,,,,,,,,,,,1,ファントムシータ
2379,蛇腹模様,じゃばらもよう,,,,,,,,,,,1,ファントムシータ
2380,乱痴気荼毘,らんちきたび,,,,,,,,,,,1,ファントムシータ
2381,斯の,この,,,,,,,,,,,1,ファントムシータ
2382,渺たる,びょうたる,,,,,,,,,,,1,ファントムシータ
2383,妾,わたし,,,,,,,,,,,1,ファントムシータ
2384,終生,しゅうせい,,,,,,,,,,,1,ファントムシータ
2385,水面,みなも,,,,,,,,,,,1,ファントムシータ
2386,夜光蝶,やこうちょう,,,,,,,,,,,1,ファントムシータ
2387,燦,あざやか,,,,,,,,,,,1,ファントムシータ
2388,貪った,むさぼった,,,,,,,,,,,1,ファントムシータ
2389,右掌,みぎて,,,,,,,,,,,1,ファントムシータ
2390,我儘,わがまま,,,,,,,,,,,1,ファントムシータ
2391,望蜀,ぼうしょく,,,,,,,,,,,1,ファントムシータ
2392,頂戴れ,くれ,,,,,,,,,,,1,ファントムシータ
2393,何処か,どこか,,,,,,,,,,,1,ファントムシータ
2394,貴方,きみ,,,,,,,,,,,1,ファントムシータ
2395,素性,そせい,,,,,,,,,,,1,ファントムシータ
2396,奔る,はしる,,,,,,,,,,,1,ファントムシータ
2397,乙女哉,おとめかな,,,,,,,,,,,1,ファントムシータ
2398,通俗人等,きっちゅ,,,,,,,,,,,1,ファントムシータ
2399,亡一味,なくしたしんぱ,,,,,,,,,,,1,ファントムシータ
2400,些末ない,つまらない,,,,,,,,,,,1,ファントムシータ
2401,斬,はなし,,,,,,,,,,,1,ファントムシータ
2402,破朽,はくち,,,,,,,,,,,1,ファントムシータ
2403,遑あらず,いとまあらず,,,,,,,,,,,1,ファントムシータ
2404,假初,かりそめ,,,,,,,,,,,1,ファントムシータ
2405,誰人をも,だれをも,,,,,,,,,,,1,ファントムシータ
2406,茶飯事,さはんじ,,,,,,,,,,,1,ファントムシータ
2407,死刑,しけい,,,,,,,,,,,1,ファントムシータ
2408,灼熱,しゃくねつ,,,,,,,,,,,1,ファントムシータ
2409,血潮,ちしお,,,,,,,,,,,1,ファントムシータ
2410,霞む,かすむ,,,,,,,,,,,1,ファントムシータ
2411,雛菊,ひなぎく,,,,,,,,,,,1,ファントムシータ
2412,募る,つのる,,,,,,,,,,,1,ファントムシータ
2413,型盗った,かたどった,,,,,,,,,,,1,ファントムシータ
2414,御手の物,おてのもの,,,,,,,,,,,1,ファントムシータ
2415,謳って,うたって,,,,,,,,,,,1,ファントムシータ
2416,彼方此方,あちらこちら,,,,,,,,,,,1,ファントムシータ
2417,熱視線,ねっしせん,,,,,,,,,,,1,ファントムシータ
2418,嘲笑う,あざわらう,,,,,,,,,,,1,ファントムシータ
2419,誘蛾灯,ゆうがとう,,,,,,,,,,,1,ファントムシータ
2420,嫉妬,しっと,,,,,,,,,,,1,ファントムシータ
2421,頂戴,ちょうだい,,,,,,,,,,,1,ファントムシータ
2422,翅,はね,,,,,,,,,,,1,ファントムシータ
2423,美貌,びぼう,,,,,,,,,,,1,ファントムシータ
2424,生謳歌,せいおうか,,,,,,,,,,,1,ファントムシータ
2425,遭難,そうなん,,,,,,,,,,,1,ファントムシータ
2426,腐Ero(s)悶,ふぇろもん,,,,,,,,,,,1,ファントムシータ
2427,囀り,さえずり,,,,,,,,,,,1,ファントムシータ
2428,這いずり,はいずり,,,,,,,,,,,1,ファントムシータ
2429,天啓,てんけい,,,,,,,,,,,1,ファントムシータ
2430,方舟,はこぶね,,,,,,,,,,,1,ファントムシータ
2431,鈩,たたら,,,,,,,,,,,1,ファントムシータ
2432,腐す,くさす,,,,,,,,,,,1,ファントムシータ
2433,不文律,ふぶんりつ,,,,,,,,,,,1,ファントムシータ
2434,黴,かび,,,,,,,,,,,1,ファントムシータ
2435,輪郭,りんかく,,,,,,,,,,,1,ファントムシータ
2436,赦して,ゆるして,,,,,,,,,,,1,ファントムシータ
2437,花筐,はながたみ,,,,,,,,,,,1,ファントムシータ
2438,粧して,めかして,,,,,,,,,,,1,ファントムシータ
2439,騙し合い,だましあい,,,,,,,,,,,1,ファントムシータ
2440,厭味,いやみ,,,,,,,,,,,1,ファントムシータ
2441,僻み,ひがみ,,,,,,,,,,,1,ファントムシータ
2442,媚び売り,こびうり,,,,,,,,,,,1,ファントムシータ
2443,連中,やつ,,,,,,,,,,,1,ファントムシータ
2444,猛て,たけて,,,,,,,,,,,1,ファントムシータ
2445,魔物,あく,,,,,,,,,,,1,ファントムシータ
2446,鼓動,びーと,,,,,,,,,,,1,ファントムシータ
2447,花道,じんせい,,,,,,,,,,,1,ファントムシータ
2448,艶,あで,,,,,,,,,,,1,ファントムシータ
2449,人生,だーと,,,,,,,,,,,1,ファントムシータ
2450,嗤える,わらえる,,,,,,,,,,,1,ファントムシータ
2451,擬態,ぎたい,,,,,,,,,,,1,ファントムシータ
2452,混沌,こんとん,,,,,,,,,,,1,ファントムシータ
2453,今際,いまわ,,,,,,,,,,,1,ファントムシータ
2454,魔性,ましょう,,,,,,,,,,,1,ファントムシータ
2455,虜,とりこ,,,,,,,,,,,1,ファントムシータ
2456,契り,ちぎり,,,,,,,,,,,1,ファントムシータ
2457,縋って,すがって,,,,,,,,,,,1,ファントムシータ
2458,生殺与奪,せいさつよだつ,,,,,,,,,,,1,ファントムシータ
2459,笑顔,かお,,,,,,,,,,,1,ファントムシータ
2460,緋色,いろ,,,,,,,,,,,1,ファントムシータ
2461,思念,わたし,,,,,,,,,,,1,ファントムシータ
2462,影法師,かげぼうし,,,,,,,,,,,1,ファントムシータ
2463,泣き顔,かお,,,,,,,,,,,1,ファントムシータ
2464,残火の太刀,ざんかのたち,,,,,,,1,,,,,BLEACH追加：卍解
2465,雀蜂雷公鞭,じゃくほうらいこうべん,,,,,,,1,,,,,BLEACH追加：卍解
2466,黄煌厳霊離宮,こうこうごんりょうりきゅう,,,,,,,1,,,,,BLEACH追加：卍解
2467,逆様邪八宝塞,さかしまよこしまはっぽうふさがり,,,,,,,1,,,,,BLEACH追加：卍解
2468,白霞罸,はっかのとがめ,,,,,,,1,,,,,BLEACH追加：卍解
2469,双王蛇尾丸,そうおうざびまる,,,,,,,1,,,,,BLEACH追加：卍解
2470,鐵拳断風,てっけんたちかぜ,,,,,,,1,,,,,BLEACH追加：卍解
2471,清虫終式・閻魔蟋蟀,すずむしついしきえんまこおろぎ,,,,,,,1,,,,,BLEACH追加：卍解
2472,黒縄天譴明王,こくじょうてんげんみょうおう,,,,,,,1,,,,,BLEACH追加：卍解
2473,黒縄天譴明王・断鎧縄衣,こくじょうてんげんみょうおうだんがいじょうえ,,,,,,,1,,,,,BLEACH追加：卍解
2474,金色疋殺地蔵,こんじきあしそぎじぞう,,,,,,,1,,,,,BLEACH追加：卍解
2475,金色疋殺地蔵・魔胎伏印症体,こんじきあしそぎじぞうまたいふくいんしょうたい,,,,,,,1,,,,,BLEACH追加：卍解
2476,龍紋鬼灯丸,りゅうもんほおずきまる,,,,,,,1,,,,,BLEACH追加：卍解
2477,観音開紅姫改メ,かんのんびらきべにひめあらため,,,,,,,1,,,,,BLEACH追加：卍解
2478,花天狂骨枯松心中,かてんきょうこつからまつしんじゅう,,,,,,,1,,,,,BLEACH追加：卍解
2479,皆尽,みなづき,,,,,,,1,,,,,BLEACH追加：卍解
2480,神殺鎗,かみしにのやり,,,,,,,1,,,,,BLEACH追加：卍解
2481,真打・しら筆一文字,しんうちしらふでいちもんじ,,,,,,,1,,,,,BLEACH追加：卍解
2482,しら筆一文字,しらふでいちもんじ,,,,,,,1,,,,,BLEACH追加：卍解
2483,流刃若火,りゅうじんじゃっか,,,,,,,1,,,,,BLEACH追加：斬魄刀
2484,厳霊丸,ごんりょうまる,,,,,,,1,,,,,BLEACH追加：斬魄刀
2485,逆撫,さかなで,,,,,,,1,,,,,BLEACH追加：斬魄刀
2486,五形頭,げげつぶり,,,,,,,1,,,,,BLEACH追加：斬魄刀
2487,瑠璃色孔雀,るりいろくじゃく,,,,,,,1,,,,,BLEACH追加：斬魄刀
2488,藤孔雀,ふじくじゃく,,,,,,,1,,,,,BLEACH追加：斬魄刀
2489,天譴,てんげん,,,,,,,1,,,,,BLEACH追加：斬魄刀
2490,風死,かぜしに,,,,,,,1,,,,,BLEACH追加：斬魄刀
2491,野晒,のざらし,,,,,,,1,,,,,BLEACH追加：斬魄刀
2492,金沙羅,きんしゃら,,,,,,,1,,,,,BLEACH追加：斬魄刀
2493,金沙羅舞踏団,きんしゃらぶとうだん,,,,,,,1,,,,,BLEACH追加：卍解
2494,白帝剣,はくていけん,,,,,,,1,,,,,BLEACH追加：技
2495,殲景・千本桜景厳,せんけいせんぼんざくらかげよし,,,,,,,1,,,,,BLEACH追加：卍解派生
2496,吭景・千本桜景厳,ごうけいせんぼんざくらかげよし,,,,,,,1,,,,,BLEACH追加：卍解派生
2497,終景・白帝剣,しゅうけいはくていけん,,,,,,,1,,,,,BLEACH追加：卍解派生
2498,無月,むげつ,,,,,,,1,,,,,BLEACH追加：技
2499,最後の月牙天衝,さいごのげつがてんしょう,,,,,,,1,,,,,BLEACH追加：技
2500,月牙天衝,げつがてんしょう,,,,,,,1,,,,,BLEACH追加：技
2501,月牙十字衝,げつがじゅうじしょう,,,,,,,1,,,,,BLEACH追加：技
2502,王虚の閃光,ぐらんれいせろ,,,,,,,1,,,,,BLEACH追加：破面技
2503,虚閃,せろ,,,,,,,1,,,,,BLEACH追加：破面技
2504,黒虚閃,せろおすきゅらす,,,,,,,1,,,,,BLEACH追加：破面技
2505,十刃,えすぱーだ,,,,,,,1,,,,,BLEACH追加：十刃
2506,第0十刃,やみーりやるご|やみー,,,,,,,1,,,,,BLEACH追加：十刃の名前
2507,第1十刃,こよーてすたーく|すたーく,,,,,,,1,,,,,BLEACH追加：十刃の名前
2508,第2十刃,ばらがんるいぜんばーん,,,,,,,1,,,,,BLEACH追加：十刃の名前
2509,第3十刃,てぃあはりべる|はりべる,,,,,,,1,,,,,BLEACH追加：十刃の名前
2510,第4十刃,うるきおらしふぁー|うるきおら,,,,,,,1,,,,,BLEACH追加：十刃の名前
2511,第5十刃,のいとらじるが,,,,,,,1,,,,,BLEACH追加：十刃の名前
2512,第6十刃,ぐりむじょーじゃがーじゃっく|ぐりむじょー,,,,,,,1,,,,,BLEACH追加：十刃の名前
2513,第7十刃,ぞまりるるー,,,,,,,1,,,,,BLEACH追加：十刃の名前
2514,第8十刃,ざえるあぽろぐらんつ|ざえるあぽろ,,,,,,,1,,,,,BLEACH追加：十刃の名前
2515,第9十刃,あーろにーろあるるえり,,,,,,,1,,,,,BLEACH追加：十刃の名前
2516,元第3十刃,ねりえるとぅおーでるしゅゔぁんく|ねる,,,,,,,1,,,,,BLEACH追加：十刃の名前
2517,元十刃,ぷりばろんえすぱーだ,,,,,,,1,,,,,BLEACH追加：破面用語
2518,第103十刃落ち,どるどーにあれっさんどろでるそかっちお|どるどーに,,,,,,,1,,,,,BLEACH追加：十刃落ち
2519,第105十刃落ち,ちるっちさんだーうぃっち|ちるっち,,,,,,,1,,,,,BLEACH追加：十刃落ち
2520,第107十刃落ち,がんてんばいんもすけーだ|がんてんばいん,,,,,,,1,,,,,BLEACH追加：十刃落ち
2521,虚圏,うぇこむんど,,,,,,,1,,,,,BLEACH追加：地名
2522,虚夜宮,らすのーちぇす,,,,,,,1,,,,,BLEACH追加：地名
2523,従属官,ふらしおん,,,,,,,1,,,,,BLEACH追加：破面用語
2524,数字持ち,ぬめろす,,,,,,,1,,,,,BLEACH追加：破面用語
2525,帰刃,れすれくしおん,,,,,,,1,,,,,BLEACH追加：破面用語
2526,探査神経,ぺすきす,,,,,,,1,,,,,BLEACH追加：破面用語
2527,鋼皮,いえろ,,,,,,,1,,,,,BLEACH追加：破面用語
2528,響転,そにーど,,,,,,,1,,,,,BLEACH追加：破面用語
2529,崩玉,ほうぎょく,,,,,,,1,,,,,BLEACH追加：用語
2530,反膜,ねがしおん,,,,,,,1,,,,,BLEACH追加：用語
2531,群狼,ろすろぼす,,,,,,,1,,,,,BLEACH追加：帰刃
2532,髑髏大帝,あるろがんて,,,,,,,1,,,,,BLEACH追加：帰刃
2533,皇鮫后,てぃぶろん,,,,,,,1,,,,,BLEACH追加：帰刃
2534,黒翼大魔,むるしえらご,,,,,,,1,,,,,BLEACH追加：帰刃
2535,聖哭螳蜋,さんたてれさ,,,,,,,1,,,,,BLEACH追加：帰刃
2536,豹王,ぱんてら,,,,,,,1,,,,,BLEACH追加：帰刃
2537,呪眼僧伽,ぶるへりあ,,,,,,,1,,,,,BLEACH追加：帰刃
2538,邪淫妃,ふぉるにからす,,,,,,,1,,,,,BLEACH追加：帰刃
2539,喰虚,ぐろとねりあ,,,,,,,1,,,,,BLEACH追加：帰刃
2540,憤獣,いーら,,,,,,,1,,,,,BLEACH追加：帰刃
2541,羚騎士,がみゅーさ,,,,,,,1,,,,,BLEACH追加：帰刃
2542,暴風男爵,ひらるだ,,,,,,,1,,,,,BLEACH追加：帰刃
2543,車輪鉄燕,ごろんどりーな,,,,,,,1,,,,,BLEACH追加：帰刃
2544,龍拳,どらぐら,,,,,,,1,,,,,BLEACH追加：帰刃
2545,白雷,びゃくらい,,,,,,,1,,,,,BLEACH追加：鬼道
2546,蒼火墜,そうかつい,,,,,,,1,,,,,BLEACH追加：鬼道
2547,赤火砲,しゃっかほう,,,,,,,1,,,,,BLEACH追加：鬼道
2548,黄火閃,おうかせん,,,,,,,1,,,,,BLEACH追加：鬼道
2549,双蓮蒼火墜,そうれんそうかつい,,,,,,,1,,,,,BLEACH追加：鬼道
2550,黒棺,くろひつぎ,,,,,,,1,,,,,BLEACH追加：鬼道
2551,一刀火葬,いっとうかそう,,,,,,,1,,,,,BLEACH追加：鬼道
2552,九曜縛,くようしばり,,,,,,,1,,,,,BLEACH追加：鬼道
2553,六杖光牢,りくじょうこうろう,,,,,,,1,,,,,BLEACH追加：鬼道
2554,百歩欄干,ひゃっぽらんかん,,,,,,,1,,,,,BLEACH追加：鬼道
2555,五柱鉄貫,ごちゅうてっかん,,,,,,,1,,,,,BLEACH追加：鬼道
2556,卍禁,ばんきん,,,,,,,1,,,,,BLEACH追加：鬼道
2557,初曲・止繃,しょきょくしりゅう,,,,,,,1,,,,,BLEACH追加：鬼道
2558,弐曲・百連閂,にきょくひゃくれんさん,,,,,,,1,,,,,BLEACH追加：鬼道
2559,終曲・卍禁太封,しゅうきょくばんきんたいほう,,,,,,,1,,,,,BLEACH追加：鬼道
2560,真央霊術院,しんおうれいじゅついん,,,,,,,1,,,,,BLEACH追加：地名
2561,中央四十六室,ちゅうおうよんじゅうろくしつ,,,,,,,1,,,,,BLEACH追加：用語
2562,穿界門,せんかいもん,,,,,,,1,,,,,BLEACH追加：用語
2563,断界,だんがい,,,,,,,1,,,,,BLEACH追加：用語
2564,拘流,こうりゅう,,,,,,,1,,,,,BLEACH追加：用語
2565,拘突,こうとつ,,,,,,,1,,,,,BLEACH追加：用語
2566,地獄蝶,じごくちょう,,,,,,,1,,,,,BLEACH追加：用語
2567,義魂丸,ぎこんがん,,,,,,,1,,,,,BLEACH追加：用語
2568,義骸,ぎがい,,,,,,,1,,,,,BLEACH追加：用語
2569,改造魂魄,かいぞうこんぱく,,,,,,,1,,,,,BLEACH追加：用語
2570,魂葬,こんそう,,,,,,,1,,,,,BLEACH追加：用語
2571,魂魄,こんぱく,,,,,,,1,,,,,BLEACH追加：用語
2572,霊王,れいおう,,,,,,,1,,,,,BLEACH追加：用語
2573,霊王宮,れいおうきゅう,,,,,,,1,,,,,BLEACH追加：用語
2574,零番隊,ぜろばんたい,,,,,,,1,,,,,BLEACH追加：用語
2575,斬術,ざんじゅつ,,,,,,,1,,,,,BLEACH追加：用語
2576,白打,はくだ,,,,,,,1,,,,,BLEACH追加：用語
2577,歩法,ほほう,,,,,,,1,,,,,BLEACH追加：用語
2578,瞬歩,しゅんぽ,,,,,,,1,,,,,BLEACH追加：用語
2579,瞬閧,しゅんこう,,,,,,,1,,,,,BLEACH追加：用語
2580,無間,むけん,,,,,,,1,,,,,BLEACH追加：地名
2581,懺罪宮,せんざいきゅう,,,,,,,1,,,,,BLEACH追加：地名
2582,蛆虫の巣,うじむしのす,,,,,,,1,,,,,BLEACH追加：地名
2583,空座町,からくらちょう,,,,,,,1,,,,,BLEACH追加：地名
2584,六車拳西,むぐるまけんせい,,,,,,,1,,,,,BLEACH追加：人物
2585,鳳橋楼十郎,おおとりばしろうじゅうろう,,,,,,,1,,,,,BLEACH追加：人物
2586,愛川羅武,あいかわらぶ,,,,,,,1,,,,,BLEACH追加：人物
2587,有昭田鉢玄,うしょうだはちげん,,,,,,,1,,,,,BLEACH追加：人物
2588,矢胴丸リサ,やどうまるりさ,,,,,,,1,,,,,BLEACH追加：人物
2589,久南白,くなましろ,,,,,,,1,,,,,BLEACH追加：人物
2590,山田花太郎,やまだはなたろう,,,,,,,1,,,,,BLEACH追加：人物
2591,射場鉄左衛門,いばてつざえもん,,,,,,,1,,,,,BLEACH追加：人物
2592,志波海燕,しばかいえん,,,,,,,1,,,,,BLEACH追加：人物
2593,志波空鶴,しばくうかく,,,,,,,1,,,,,BLEACH追加：人物
2594,志波岩鷲,しばがんじゅ,,,,,,,1,,,,,BLEACH追加：人物
2595,黒崎遊子,くろさきゆず,,,,,,,1,,,,,BLEACH追加：人物
2596,黒崎夏梨,くろさきかりん,,,,,,,1,,,,,BLEACH追加：人物
2597,黒崎一勇,くろさきかずい,,,,,,,1,,,,,BLEACH追加：人物
2598,阿散井苺花,あばらいいちか,,,,,,,1,,,,,BLEACH追加：人物
2599,銀城空吾,ぎんじょうくうご,,,,,,,1,,,,,BLEACH追加：人物
2600,毒ヶ峰リルカ,どくがみねりるか,,,,,,,1,,,,,BLEACH追加：人物
2601,月島秀九郎,つきしましゅうくろう,,,,,,,1,,,,,BLEACH追加：人物
2602,沓澤ギリコ,くつざわぎりこ,,,,,,,1,,,,,BLEACH追加：人物
2603,獅子河原萌笑,ししがわらもえ,,,,,,,1,,,,,BLEACH追加：人物
2604,星十字騎士団,しゅてるんりったー,,,,,,,1,,,,,BLEACH追加：滅却師
2605,見えざる帝国,ゔぁんでんらいひ,,,,,,,1,,,,,BLEACH追加：滅却師
2606,聖文字,しゅりふと,,,,,,,1,,,,,BLEACH追加：滅却師
2607,完聖体,ふぉるしゅてんでぃっひ,,,,,,,1,,,,,BLEACH追加：滅却師
2608,滅却師完聖体,くいんしーふぉるしゅてんでぃっひ,,,,,,,1,,,,,BLEACH追加：滅却師
2609,聖別,あうすゔぇーれん,,,,,,,1,,,,,BLEACH追加：滅却師
2610,血装,ぶるーと,,,,,,,1,,,,,BLEACH追加：滅却師
2611,静血装,ぶるーとゔぇーね,,,,,,,1,,,,,BLEACH追加：滅却師
2612,動血装,ぶるーとあるてりえ,,,,,,,1,,,,,BLEACH追加：滅却師
2613,星章化,めだりおん,,,,,,,1,,,,,BLEACH追加：滅却師
2614,影の領域,しゃってんべらいひ,,,,,,,1,,,,,BLEACH追加：滅却師
2615,親衛隊,しゅっつしゅたっふぇる,,,,,,,1,,,,,BLEACH追加：滅却師
2616,聖隷,すくらヴぇらい|すくらゔぇらい,,,,,,,1,,,,,BLEACH追加：滅却師
2617,神聖滅矢,はいりっひぷふぁいる,,,,,,,1,,,,,BLEACH追加：滅却師
